ID;Карточка;Тип;Подтипы;Режим объединения;Процедура;Роль в аргументации;Конструкции;Мыслители;Источники;Оговорки
E001;Павлов: условное слюноотделение, контекст и предсказание;empirical;laboratory_series;paradigm_family;"Звонок/свет многократно сочетают с кормлением; позднее сигнал вызывает пищевую реакцию. Курпатов отдельно включает помещение, время, ремни станка и присутствие экспериментатора.";Объясняет привычки, обусловливание и динамический стереотип как комплекс условий, а не одиночную связь. / Переходит от лабораторного поведения к смыслу и опыту животного. / Условный рефлекс входит в целостный динамический стереотип. / Формирует модель привычек, эмоций и сопротивления изменениям.;условный рефлекс | динамический стереотип | контекст | подкрепление | значение | Условный рефлекс | Динамический стереотип | Гипотеза;Иван Павлов;B032 p00104 | B032 p00105 | B036 p00428 | B010 §00525 | B046 §00226 | B014 PDF p.27 | B014 PDF p.28 | B019 PDF p.201 | B006 PDF p.52 | B007 PDF p.146;"Записан пересказ автора; первичная публикация и актуальная оценка надежности отдельно не проверены. Повтор классического опыта из раннего корпуса; не отдельное независимое доказательство. Изложение по OCR физической страницы; первичный источник независимо не проверен. Реконструкция использования в книге; первичное исследование здесь не проверено. Из результата не следует автоматически валидность авторского обобщения или бизнес-переноса."
E002;Замена сухарного порошка мясом и нарушение стереотипа;empirical;laboratory_story;same_narrative;"Собака обучена доставать сухарный порошок из устройства; при замене на мясо, по рассказу автора, тревожится и отказывается выполнять задачу.";Показывает, что нарушение привычки может быть неприятным даже при улучшении вознаграждения. / Положительное изменение также может нарушать безопасный стереотип. / Поясняет стресс от изменения знакомой последовательности даже при улучшении результата.;динамический стереотип | сопротивление изменению | страх неизвестности | Динамический стереотип | Нарушение привычки | Самосохранение | Сопротивление изменениям;Иван Павлов | Пётр Анохин;B032 p00144 | B032 p00145 | B037 p00098 | B014 PDF p.37 | B006 PDF p.54 | B004 PDF p.234;"Первичная публикация и исследователь этого конкретного опыта не названы; отнесение к павловской традиции контекстное. В конкретном фрагменте не указан отдельный первичный исследователь; связь с Павловым задаёт глава. Реконструкция использования в книге; первичное исследование здесь не проверено. Из результата не следует автоматически валидность авторского обобщения или бизнес-переноса."
E003;Томкинс в пересказе: младенцы и запись сердцебиения;empirical;;same_narrative;"Новорожденных помещают в комнату с записью биения материнского сердца; сообщаются меньший плач и больший набор массы по сравнению с обычными палатами.";Подкрепляет объяснение отрицательных эмоций нарушением привычного стереотипа. / Сохранение привычного стереотипа снижает отрицательные эмоции.;динамический стереотип | адаптация | отрицательные эмоции | Динамический стереотип | Негативные эмоции | Привязанность;Сильван Томкинс | Иван Павлов;B032 p00124 | B008 p00186 | B031 p00128 | B035 p00141 | B014 PDF p.33 | B022 PDF p.40 | B022 PDF p.41;"Авторство указано как С./С. С. Томкинс; дизайн, выборка и первичная работа не приведены. Не утверждать, что опыт доказал единственную причину негативных эмоций. Атрибуция сохранена по книге; дизайн/имя в исходной статье не проверены."
E004;Ухтомский: электрическая стимуляция и дефекационная доминанта;empirical;;same_narrative;"При замерах отдергивания лап на электрическое раздражение собака временно не реагирует; после дефекации реакция возобновляется.";Сюжет открытия доминанты: господствующий процесс тормозит другие реакции. / Господствующий очаг подавляет альтернативы и собирает их возбуждение.;доминанта | возбуждение и торможение | Принцип доминанты | Конкуренция потребностей;Алексей Ухтомский;B032 p00248 | B032 p00254 | B032 p00255 | B014 PDF p.58 | B014 PDF p.59 | B014 PDF p.61;"Историческая иллюстрация автора с художественными деталями; не подтвержденный здесь протокол открытия. Сюжет открытия в изложении автора; драматические детали не независимо проверены."
E005;Лягушка: постороннее раздражение усиливает обнимательный рефлекс;empirical;;same_narrative;"Во время полового обнимательного рефлекса самцу лягушки наносят посторонние раздражения кислотой, иглой либо электричеством; автор сообщает усиление объятий и отсутствие защитной реакции.";Демонстрирует поглощение постороннего возбуждения доминантой. / Посторонние сигналы питают существующую доминанту.;доминанта | половое возбуждение | подавление конкурирующей реакции | Принцип доминанты | Конкуренция потребностей;Алексей Ухтомский;B032 p00258 | B032 p00259 | B014 PDF p.60;"Конкретная публикация не названа; пример следует из главы о доминанте, не из подробного протокола. Изложение по OCR физической страницы; первичный источник независимо не проверен."
E006;Уотсон: Маленький Альберт и генерализация страха;empirical;;identified_narrative;"Белую крысу сочетают с сильным звуком; затем, по книге, страх вызывают сама крыса и похожие пушистые объекты.";Поясняет приобретенный страх и генерализацию отрицательного стимула. / Показывает научение страху и возможность воспитательного переноса тревоги.;условный страх | генерализация | динамический стереотип | социальное научение;Джон Уотсон;B032 p00701 | B032 p00703 | B032 p00704 | B036 p00400 | B036 p00403 | B010 §01097 | B010 §01098;В рассказе нет упоминания соавтора, первичного протокола и ограничений единичного случая. Категоричность устойчивости страха принадлежит автору. Повтор раннего сюжета. Формула «спустя годы Альберт боялся» требует первичной сверки и не подтверждена здесь долгосрочным наблюдением.
E007;Бандура и Розенталь: научение страху через наблюдение;empirical;;identified_narrative;"Испытуемый наблюдает актера, изображающего болезненный удар током после сирены; позднее сирена вызывает страх у наблюдателя.";Показывает, что страх можно приобрести без личного травмирующего события.;социальное научение | наблюдение | приобретенный страх;Альберт Бандура | Теодор Розенталь;B036 p00416 | B036 p00417 | B036 p00420;"Записан пересказ автора; первичная публикация и актуальная оценка надежности отдельно не проверены."
E008;Канеман—Тверски 1979: потери и угрозы сильнее выгод и обещаний;review;research_family_without_protocol;research_family;Упомянуты экспериментальные исследования 1979 года, но варианты задач и процедуры не изложены.;Автор делает вывод о приоритете угроз/самосохранения перед обещанием выигрыша. / Автор предлагает негативные прогнозы как способ побуждения к самоизменению.;инстинкт самосохранения | страх потерь | мотивация | Неприятие потерь | Мотивация | Самосохранение;Даниэль Канеман | Амос Тверски;B032 p00740 | B014 PDF p.179;Это упоминание исследовательской программы, не описание отдельного опыта. Тезис «единственный способ заставить человека» шире сообщенного результата. Фраза «единственный способ»/«только тогда» — сильное авторское расширение, не подробный результат экспериментального протокола.
E009;Добрый самаритянин: спешащие семинаристы;empirical;;identified_narrative;"Семинарист идет читать проповедь о добром самаритянине, думая, что опаздывает; актер по дороге изображает нуждающегося. Автор сообщает помощь у 10% спешащих.";Демонстрирует власть ситуационного давления над сознательным благочестием и образом Я. / Обстоятельства и доминанта намерения оказываются сильнее морального самоописания.;ситуационная обусловленность | спешка | поведение помощи | доминанта | Ситуация | Принцип доминанты | Иллюзия нравственного контроля;;B032 p00778 | B032 p00779 | B032 p00780 | B014 PDF p.187 | B014 PDF p.188;"Исследователи в книге не названы; 10% относится к описанной ситуации спешки, не ко всем религиозным людям. Авторский пересказ указывает, что никто не помог; группы и доли исходной работы не приводятся."
E010;Милгрэм: подчинение авторитету;empirical;mention_only;identified_narrative;"Участник повышает предполагаемые разряды от 15 до 450 вольт за ошибки ученика-актера; экспериментатор требует продолжения. Автор сообщает более 62% дошедших до конца.";Иллюстрирует уступку добродетельного сознания подсознательному страху перед авторитетом. / Поддерживает ситуационную модель поведения. / Авторитет и ситуация сильнее деклараций о собственных моральных качествах.;авторитет | ситуационная обусловленность | самообраз | сознание и подсознание | Социальная ситуация | Авторитет | Социальное влияние | Авторитет и ответственность;Стэнли Милгрэм;B034 p00071 | B034 p00076 | B034 p00077 | B006 PDF p.88 | B045 PDF p.299 | B002 §00957 | B041 §00754;"Цифра и детали сцены приведены по Курпатову. «Клинические садисты» — риторическая формула пересказа, не диагноз участников. Реконструкция использования в книге; первичное исследование здесь не проверено. Из результата не следует автоматически валидность авторского обобщения или бизнес-переноса. Пересказ в книге; первичная научная публикация для этой записи отдельно не проверена."
E011;Шериф: конкуренция двух детских лагерей;empirical;mention_only;identified_narrative;"Две группы мальчиков 11–12 лет сначала живут раздельно и сплачиваются, затем соревнуются с наградами только победителю; автор описывает рост вражды.";Обосновывает конфликтогенность игры «я выиграл — ты проиграл». / Поддерживает объяснение поведения устройством отношений и контекстом.;межгрупповая конкуренция | враждебность | игра с нулевой суммой | Социальная ситуация | Межгрупповые отношения;Музафер Шериф;B034 p00479 | B034 p00480 | B006 PDF p.88 | B045 PDF p.299;"Книга указывает 1966 год. Это дата автора; не подтверждена здесь как дата полевого опыта. Совместные сверхцели в данном эпизоде не описаны. Реконструкция использования в книге; первичное исследование здесь не проверено. Из результата не следует автоматически валидность авторского обобщения или бизнес-переноса."
E012;Видео подростка: раскаяние и назначаемое наказание;empirical;;same_narrative;Взрослые выбирают наказание подростку по двум постановочным фильмам: мужественное признание либо слезное раскаяние.;Объясняет усвоение роли жертвы как способа минимизировать страдание. / Связывает страдание/беспомощность и социальную выгоду роли жертвы. / Демонстрация страдания поддерживает выгодную роль жертвы.;роль жертвы | социальное подкрепление | страдание | сострадание | Роль жертвы | Межличностная оценка | Социальное научение;;B034 p00641 | B034 p00642 | B034 p00643 | B028 pdf-page-088 | B046 §00685 | B023 PDF p.157 | B023 PDF p.158;"Авторы, дата, выборка и первичная публикация не названы. Перекрестная ссылка на уже учтенный ранний опыт B034 p00641–642; здесь протокол повторно не изложен. Авторы, год и процедура шкалирования не указаны; обобщение на всю функцию страдания — авторский шаг."
E013;Йеркс: имитация способа добычи банана у высокорангового шимпанзе;empirical;;same_narrative;"Младшую обезьяну учат доставать банан в клетке-лабиринте; высокостатусные сородичи отнимают добычу и не учатся. Когда обучен высокостатусный демонстратор, остальные повторяют способ.";"Обосновывает иерархический характер социального научения и уважение к авторитету. / Роль иерархии в социальном подражании и воспитании. / Обосновывает необходимость авторитетного примера обучения. / Статус влияет на то, у кого учатся; отношения нужно учитывать при передаче знаний.";иерархический инстинкт | социальный статус | социальное научение | Социальное подражание | Социальная иерархия | Групповой инстинкт | авторитет | Социальное обучение;Роберт Йеркс;B034 p00700 | B034 p00703 | B027 §2400 | B027 §2401 | B027 §2402 | B027 §2405 | B027 §2406 | B027 §2407 | B010 §01746 | B010 §01886 | B010 §01887 | B010 §01889 | B002 §01481 | B041 §01479;"Автор опыта не назван. Переход «люди учатся только у тех, кто выше» — расширение автора, не установленный здесь универсальный закон. Автор делает универсальный вывод «учимся только у тех, кто выше» из описанного эпизода; первичный источник в тексте не идентифицирован. Повтор сюжета B034 p00700–703, здесь снабжен именем Йеркса. Формула «учатся только у высокого ранга» не проверена как универсальный закон. Формулировка «только у тех, кто выше» является сильным авторским переносом с приматов на человека; первичный протокол отдельно не установлен."
E014;Олдс: рычаг самостимуляции мозга;empirical;laboratory;identified_narrative;"Крыса нажимает рычаг, стимулирующий вживленным электродом область мозга; описаны интенсивная самостимуляция и пренебрежение пищей и иными потребностями.";"Служит моделью наркотического рабства и силы вознаграждения. / Разводит удовольствие и жизненные интересы, поясняет зависимость. / Положительное подкрепление и зависимость; аналогия с цифровыми стимулами.";центр удовольствия | самостимуляция | зависимость | вознаграждение | Вознаграждение | Зависимость | Подкрепление | Цифровая среда;Джеймс Олдс | Питер Милнер;B034 p00961 | B034 p00964 | B006 PDF p.115 | B002 §01883;"Автор указывает 1952 год и называет одного исследователя. Датировка и соавторство нуждаются в сверке; нельзя отождествлять электрическую стимуляцию с полной моделью зависимости. Реконструкция использования в книге; первичное исследование здесь не проверено. Из результата не следует автоматически валидность авторского обобщения или бизнес-переноса. Пересказ в книге; первичная научная публикация для этой записи отдельно не проверена."
E015;Репин и Старцев: раздражение при обездвиживании обезьян;empirical;;identified_narrative;"Связанные обезьяны подвергаются раздражающим воздействиям и не могут агрессивно ответить; книга сообщает гипертонию и нарушения жирового обмена.";Иллюстрирует соматизацию сдерживаемого гнева.;сдерживание эмоций | стресс | психосоматика;Ю. М. Репин | В. Г. Старцев;B034 p01133 | B034 p01134 | B034 p01135;"Инициал Ю. М. у Репина в книге; полное имя здесь не установлено надежно. Нозологические и причинные обобщения требуют медицинской проверки."
E016;Разлученный самец приматов и наблюдение спаривания самки;empirical;;identified_narrative;"Самец отделен перегородкой от самки, которую соединяют с другим самцом; книга сообщает последующую гипертонию.";Показывает вред невыраженной агрессии и хронического стресса.;гнев | стресс | сдерживание эмоций | психосоматика;;B034 p01136 | B032 p00864;В вариантах пересказа животное названо гиббоном (B034) и шимпанзе (B032). Это расхождение авторских версий, не основание создавать два подтвержденных разных опыта.
E017;Брейди: ответственная обезьяна и язва;empirical;;identified_narrative;"Две обезьяны получают одинаковые удары; рычаг одной предотвращает их для обеих, рычаг другой не работает. Серии по шесть часов с перерывами. Автор сообщает язву и смерть отвечающей обезьяны.";Доказывает в логике книги соматический вред ответственности и тревожного контроля.;ответственность | стресс | контроль | психосоматика;Джозеф Брейди;B034 p01159 | B034 p01162 | B034 p01163 | B034 p01166;Исторический пересказ, а не универсальная причинность: в тексте нет обсуждения отбора животных и методологических ограничений. Не использовать как доказательство вреда управленческой ответственности вообще.
E018;Селье: стрессовые воздействия и телесные изменения животных;review;research_family_without_protocol;identified_narrative;"Кратко сообщаются язвочки и изменения иммунной системы у животных под стрессом; конкретный протокол отсутствует.";Связывает психологический стресс с телесной перестройкой.;стресс | общий адаптационный синдром | психосоматика;Ганс Селье | Уолтер Кэннон;B034 p01171 | B034 p01173;"Семейство исследований/теория с неполным описанием; приведенные медицинские объяснения не удостоверены современным обзором."
E019;Анохин: перекрестная перешивка нервов и химеры;empirical;;identified_narrative;Нервы лапы и внутренних органов собаки пересекают и меняют местами: раздражение лапы вызывает кашель/рвоту. Через месяцы реакции исчезают.;"Обосновывает функциональную перестройку нервной системы; затем автор переносит ее на маскированную депрессию. / Функция перестраивается по достигаемому результату.";функциональная перестройка | пластичность | психосоматика | химеры | Функциональные системы | Нейропластичность | Акцептор результата действия;Пётр Анохин;B034 p01192 | B034 p01195 | B034 p01196 | B034 p01197 | B041 §01725;"Операционный опыт не является сам по себе доказательством механизма боли при депрессии; этот переход сделан автором. Пересказ в книге; первичная научная публикация для этой записи отдельно не проверена."
E020;Павлов: болевой укол становится пищевым стимулом;empirical;;same_narrative;"Прокалывание кожи собаки сочетается с мясом; по книге, оборонительная реакция сменяется пищевой.";Показывает приобретение значения стимула и объясняет страх полноты/систему подкреплений при анорексии. / Объясняет приобретенное положительное значение боли.;условный рефлекс | подкрепление | приобретенное значение | сексуальная фиксация;Иван Павлов;B036 p00501 | B036 p00502 | B036 p00506 | B026 PDF p.117;"Это модель обусловливания; применение к анорексии в тексте является клинической интерпретацией автора. Повтор опыта кололки из B036; перенос на сексуальные предпочтения является авторской аналогией."
E021;Павлов: круг и приближающийся к нему эллипс;empirical;;identified_narrative;"Круг подкрепляется пищей, эллипс не подкрепляется; различие постепенно сокращают, после чего книга описывает поведенческий срыв и три фазы неврастении.";Модель перегрузки и сшибки нервных процессов.;экспериментальный невроз | сшибка нервных процессов | возбуждение и торможение | неврастения;Иван Павлов | Николай Введенский;B037 p00213 | B037 p00219 | B037 p00221 | B037 p00236;Экстраполяция от собак к неизбежным фазам человеческой неврастении принадлежит автору и не подтверждена здесь клиническим исследованием.
E022;Сенсорная депривация и галлюцинации;empirical;;paradigm_family;"Человеку ограничивают зрение, слух и телесные ощущения в изолированном помещении; автор сообщает быстрое появление галлюцинаций.";Обосновывает необходимость реального восприятия и практику здесь и сейчас. / Мозг сохраняет внутреннюю активность и производит модели при недостатке входных сигналов.;сенсорная депривация | галлюцинация | здесь и сейчас | Восприятие как реконструкция | Мышление как процесс;Джон Лилли;B038 p00389 | B038 p00390 | B039 p00453 | B039 p00454 | B042 PDF p.64;"Не названы исследователи, выборка, длительность и первичная работа; речь об иллюстративном пересказе. Пересказ в книге; первичная научная публикация для этой записи отдельно не проверена."
E023;Эриксон: детские игровые декорации и организация пространства;observational;structured_play_observation;same_narrative;"Дети придумывают фильм, строят декорации из кубиков, выбирают кукол; сцены фотографируют. Автор пересказывает различия организации внутреннего/внешнего пространства.";Разворачивает авторскую теорию сущностей пола и различий мужского/женского эгоизма. / Автор связывает различия внутреннего/внешнего пространства с половыми ориентациями.;внутреннее и внешнее пространство | полоролевые стереотипы | авторская теория пола | Половые различия | Игра | Организация пространства;Эрик Эриксон;B033 p00871 | B033 p00874 | B033 p00877 | B033 p00879 | B019 PDF p.244 | B019 PDF p.245;"Наблюдательное исследование, называемое экспериментом в книге. Дата «60-е» и институция сообщены автором; биологическая неизменность пола из такого дизайна не следует. Наблюдаемая детская игра не доказывает универсальные сущностные роли всех мужчин и женщин."
E024;Кёлер: ящики, банан и инсайт обезьяны;empirical;;identified_narrative;"Человекообразная обезьяна использует ящики, чтобы достать банан; решение описано как внезапная комбинация образов.";"Различает практический инсайт, психоаналитическое осознание и сатори; показывает различие действия с реальностью и со словами. / Формирование нового интеллектуального объекта и различие интеллекта и мышления.";инсайт | психологический опыт | репрезентация | слово и реальность | Инсайт | Интеллектуальные объекты;Вольфганг Кёлер | Зигмунд Фрейд;B047 p01800 | B047 p01803 | B047 p01805 | B042 PDF p.158;"Записан пересказ автора; первичная публикация и актуальная оценка надежности отдельно не проверены. Пересказ в книге; первичная научная публикация для этой записи отдельно не проверена."
E025;Отказ жить как сопротивление обществу;thought;;same_narrative;"Читателю предлагают вообразить отказ от жизни через лежание на дороге; общество принудит продолжать жить.";Демонстрирует, что установка отказа не отменяет жизни и внешних требований. / Проблематизация давления общества и адаптивной мобилизации.;жизнь | воля | общество | Социальные требования | Свобода | Адаптация;Андрей Курпатов;B008 p00120 | B031 p00056 | B034 p00044 | B022 PDF p.20;"Воображаемая риторическая сцена; не совет к действию и не эмпирический опыт. Риторический мысленный сценарий; практических инструкций из него не следует."
E026;Витгенштейновское сомнение: книга, слово и достоверность;thought;;identified_narrative;Автор спрашивает, почему читатель уверен, что перед ним книга, и что изменится, если усомниться в этом.;Сдвигает способы думать к способам верить и основаниям достоверности.;способы думать | достоверность | язык | психологический опыт;Людвиг Витгенштейн;B047 p01864 | B047 p01867 | B047 p01868;Авторская философская иллюстрация, не исторический протокол Витгенштейна.
E027;Гусыня Мартина: ритуал у окна перед лестницей;observational;ethological_observation;same_narrative;"Лоренц описывает гусыню, закрепившую обход окна перед лестницей; нарушив обход, она пугается и возвращается выполнить маршрут.";Показывает превращение случайного действия в обязательный ритуал. / Привычка превращается в обязательный безопасный обычай.;динамический стереотип | ритуал | страх нарушения привычки | Динамический стереотип | Ритуал | Самосохранение;Конрад Лоренц;B032 p00150 | B032 p00152 | B032 p00155 | B014 PDF p.39 | B014 PDF p.40;"Натуралистическое единичное наблюдение в авторском пересказе, не сравнительный эксперимент. Наблюдение индивидуально выращенной птицы; автор прямо называет его иллюстрацией."
E028;Лоренц меняет привычный автомобильный маршрут;exercise;self_observation;identified_narrative;Лоренц едет туда по привычной обратной дороге, испытывает тревожный дискомфорт и возвращается прежним путем.;Подтверждает силу привычки даже у исследователя.;динамический стереотип | самонаблюдение;Конрад Лоренц;B032 p00187;Самонаблюдение одного человека, хотя Лоренц именует его экспериментом.
E029;Лимоны перед духовым оркестром;case;anecdote;same_narrative;"Анекдот о студентах, показывавших музыкантам лимоны; предполагаемое слюноотделение срывает концерт.";Наглядно изображает условный стимул. / Наглядная сила условной реакции человека.;условный рефлекс | слово и телесная реакция | Условный рефлекс | Динамический стереотип;Иван Павлов;B032 p00113 | B032 p00114 | B014 PDF p.30;"Текст начинает рассказ словом «говорят»; это исторический анекдот, не научно документированный эксперимент. Исторический анекдот без первичной публикации/контроля; автор не сообщает судьбу участников."
E030;Авторское самонаблюдение зубной боли;exercise;self_observation;identified_narrative;Курпатов сосредотачивается на боли, отказывается бороться с ней и сообщает об ослаблении боли.;Иллюстрирует парадоксальное прекращение борьбы и капитуляцию перед симптомом.;парадоксальная интенция | внимание | боль;;B038 p00972 | B039 p01103;Автобиографический случай, не доказательство медицинской эффективности.
E031;Мимика домиком и переживание тоски;exercise;;identified_narrative;Читателю предлагают держать брови домиком несколько минут.;Показать обратную связь мышечного напряжения и эмоции.;мышечное напряжение | эмоция;;B039 p00157;"Практика, предлагаемая автором читателю; не опубликованный контролируемый эксперимент."
E032;Предельное мышечное напряжение перед расслаблением;exercise;;identified_narrative;Напрячь плохо расслабляющийся участок до невозможности поддерживать напряжение.;Познакомить с действием мышечного расслабления.;мышечное напряжение | расслабление;;B039 p00228;"Практика, предлагаемая автором читателю; не опубликованный контролируемый эксперимент."
E033;Плечи вперед и проба глубокого вдоха;exercise;;identified_narrative;Поднять и подать плечи вперед, зафиксировать положение и попробовать вдох.;Показать ограничение дыхания мышечным зажимом.;мышечное напряжение | дыхание;;B038 p00770 | B039 p00883;"Практика, предлагаемая автором читателю; не опубликованный контролируемый эксперимент."
E034;Наблюдение дыхания в кресле стоматолога;exercise;;identified_narrative;При следующем визите проверить связь ожидания боли, подавленного крика и задержки дыхания.;Выявить автоматическое телесное напряжение.;мышечное напряжение | дыхание | страх;;B038 p00746 | B039 p00855;"Практика, предлагаемая автором читателю; не опубликованный контролируемый эксперимент."
E035;Оглянуться и заметить пропущенное;exercise;;identified_narrative;Оглядеться вокруг и найти детали, прежде оставшиеся вне внимания.;Возвращает к настоящему восприятию и расширению поля внимания.;здесь и сейчас | внимание | психологический опыт;;B038 p00705 | B039 p00809;"Практика, предлагаемая автором читателю; не опубликованный контролируемый эксперимент."
E036;Пригласить свою тревогу;exercise;;identified_narrative;Намеренно ждать и призывать тревогу, заняв позицию интересующегося экспериментатора.;Меняет избегание на инициативу, применяет парадоксальный прием.;парадоксальная интенция | страх страха | инициатива;;B038 p00946 | B039 p01074;"Практика, предлагаемая автором читателю; не опубликованный контролируемый эксперимент."
E037;Рукопожатие незнакомцу как автоматический ответ;exercise;;identified_narrative;Уверенно протянуть руку незнакомому человеку и ожидать ответного движения.;Показывает автоматизм реакции на провокацию и необходимость паузы.;динамический стереотип | автоматическая реакция | пауза;;B038 p01645 | B039 p01832;"Практика, предлагаемая автором читателю; не опубликованный контролируемый эксперимент."
E038;Заменить катастрофический прогноз планом;exercise;;identified_narrative;Проверить переживания после перевода опасений в план конкретного поведения.;Обосновать практику планирования вместо прогнозирования.;катастрофический прогноз | планирование | действие;;B039 p00649;"Практика, предлагаемая автором читателю; не опубликованный контролируемый эксперимент."
E039;Бинокулярное соперничество;empirical;;identified_narrative;"Разным глазам показывают разные изображения; вместо наложения переживается попеременный выбор.";Показывает, что мозг конструирует воспринимаемую картину и отбрасывает часть входа.;Предиктивное кодирование | Конструктивность восприятия;;B012 §0065 | B012 §0066;"Описание и интерпретация зафиксированы по Курпатову; первичная статья независимо здесь не проверялась."
E040;Либет: запаздывание осознания при нейрохирургической стимуляции;empirical;;identified_narrative;"Сопоставление воздействия на мозг и субъективных самоотчётов пациента; описано запаздывание около полусекунды.";Осознание является поздней стадией работы мозга.;Осознание | Несознательная обработка;Бенджамин Либет;B021 §0475 | B021 §0476;"Описание и интерпретация зафиксированы по Курпатову; первичная статья независимо здесь не проверялась."
E041;Либет: произвольное движение и потенциал готовности;empirical;;identified_narrative;"ЭЭГ при произвольном подъёме руки; человек сообщает момент своего решения.";"Сознательное решение автор трактует как запаздывающее относительно мозговой активности. / Сознание получает результат работы мозга с задержкой. / Сознание запаздывает; автор использует это против автономного сознательного Я.";Свобода воли | Иллюзия сознательного контроля | Сознание | Мозг и сознание | Автоматизмы;Бенджамин Либет;B021 §0477 | B021 §0478 | B012 §0151 | B016 §0025 | B007 PDF p.16 | B002 §00311 | B041 §00740 | B024 §00953;"Из простого произвольного движения автор выводит общие тезисы о сознании. Эти выводы шире непосредственно описанного дизайна. Реконструкция использования в книге; первичное исследование здесь не проверено. Из результата не следует автоматически валидность авторского обобщения или бизнес-переноса. Авторский вывод об отсутствии свободы воли шире дизайна движения кистью. Есть альтернативные модели потенциала готовности; см. внешнюю проверку Schurger et al. 2012."
E042;Хайнес: предсказание выбора кнопки по фМРТ до самоотчёта;empirical;;same_narrative;По фМРТ описывается предсказание будущего решения за 7, иногда 12 секунд.;Продолжение аргумента о запаздывании осознанного выбора. / Усиливает тезис о неосознаваемом формировании решения. / Расширяет аргумент Либета: мозг предшествует сознательному отчёту.;Свобода воли | Сознательное решение | Несознательная обработка | Сознание | Мозг и сознание;Джон-Дилан Хайнс | Джон-Дилан Хайнес;B021 §0480 | B021 §0481 | B021 §0483 | B007 PDF p.17 | B002 §00327 | B041 §00790 | B024 §00954;"В пересказе не указаны точность классификатора и характер решения; предсказуемость не тождественна полной предопределённости. Реконструкция использования в книге; первичное исследование здесь не проверено. Из результата не следует автоматически валидность авторского обобщения или бизнес-переноса. В книге язык «знали, что решит»; точность классификации и вероятностный характер необходимо проверять в первичной статье. Не отождествлять статистический прогноз с безошибочным знанием."
E043;Томаселло и коллеги: сравнительные задачи детей и приматов;empirical;;paradigm_family;"Семейство сравнительных задач; процедуры и результаты различаются между книгами. Подробности приведены в отдельных вариантах.";"Социальное подражание и культурное обучение; локальные функции аргументации приведены отдельно для каждой книги.";Разделённая интенциональность | Социальный интеллект | Социальное я;Майкл Томаселло | Эстер Херрманн;B018 §0656 | B018 §0657 | B018 §0658 | B018 §0659 | B021 §1380 | B021 §1381 | B021 §1383 | B012 §0451 | B012 §0453 | B012 §0452 | B012 §0455 | B018 §0661 | B021 §1379 | B021 §1380 | B021 §1381 | B021 §1382 | B021 §1383 | B021 §1382 | B021 §1379;"Ровесники обезьян — формулировка автора; физические/социальные результаты нельзя переносить на всё мышление без дополнительных оснований."
E044;Гельман: внутренние свойства неизвестного существа;empirical;;identified_narrative;"Детям показывают существо с острова, описывают невидимые привычки; затем дают другое по виду существо с теми же внутренними характеристиками.";Понятийное мышление приписывает вещам скрытую сущность.;Психологический эссенциализм | Понятийная матрица | Эйдос;Сьюзан Гельман | Платон;B012 §0537 | B012 §0538 | B012 §0540 | B018 §0800 | B018 §0801 | B018 §0803;Сам автор в B018 §0807 оговаривает методологические ограничения описанных экспериментов.
E045;Гельман: изменение внешнего вида животного;empirical;;identified_narrative;"Игрушку собаки перекрашивают, добавляют крылья; дети считают её прежним существом.";Сущность воспринимается как неизменная вопреки внешним изменениям.;Психологический эссенциализм | Понятийная матрица;Сьюзан Гельман;B018 §0805 | B018 §0807;Пересказ не даёт первичного протокола, возраста и размера выборки.
E046;Гельман: происхождение растений и функции вещей;empirical;;identified_narrative;Детям показывают фильм о производстве вещей и росте растений.;Различаются сущности живого через природу/происхождение и артефактов через функцию.;Психологический эссенциализм | Природа и функция;Сьюзан Гельман;B018 §0806 | B018 §0807;"Описание и интерпретация зафиксированы по Курпатову; первичная статья независимо здесь не проверялась."
E047;Ньютон: отстукивание знакомой мелодии;empirical;;identified_narrative;В парах один отстукивает мелодию и предсказывает успех узнавания, второй угадывает. В B016 указаны 3 из 120 и ожидание около половины.;Внутреннее понимание не передаётся автоматически словами или сигналами.;Проклятие знания | Воплощённое понимание | Коммуникация;Элизабет Ньютон;B016 §0345 | B016 §0346 | B016 §0347 | B016 §0348 | B018 §1212 | B018 §1213;"В B018 дана переоценка «в четыре раза», а в B016 — ожидание 50% против 3/120. Численные пересказы не согласованы; сохранять различие."
E048;Гилович—Савицки: заметность волнения оратора;empirical;;identified_narrative;"Выступающие оценивают заметность своего волнения; аудиторию опрашивают независимо.";Иллюзия прозрачности усиливает ошибочные представления о чужом восприятии и социофобию.;Иллюзия прозрачности | Социальное я | Социофобия;Томас Гилович | Кеннет Савицки;B018 §1215 | B018 §1216;"Описание и интерпретация зафиксированы по Курпатову; первичная статья независимо здесь не проверялась."
E049;Лофтус: внушение ложных автобиографических воспоминаний;empirical;;paradigm_family;Описано внушение эпизодов потерянности в торговом центре, нападения собаки и других неслучившихся событий.;Память реконструируется из предложенных элементов, а не хранит неизменный оригинал. / Память и Я реконструируются и могут изменять последующее поведение.;Ложные воспоминания | Реконструктивная память | Автобиографическое я | Я как конструкция;Элизабет Лофтус;B016 §0962 | B016 §0963 | B021 §1156 | B018 §1526 | B002 §02080;"Текст соединяет разные исследования в обобщённый ряд; не считать перечисленные сюжеты одним протоколом. Пересказ в книге; первичная научная публикация для этой записи отдельно не проверена."
E050;Лофтус—Палмер: слова об автомобильной аварии;empirical;;identified_narrative;"Группам показывают одинаковую аварию и задают вопросы со словами «столкнулись»/«врезались»; затем спрашивают о несуществовавшем стекле.";Языковая рамка меняет оценку скорости и порождает детали памяти. / Речь реконструирует воспоминание и связывает прошлое с текущей интерпретацией.;Эффект фрейминга | Ложные воспоминания | Реконструктивная память | Ложная память | Лингвистический интерпретатор | Реконструкция реальности;Элизабет Лофтус | Джон Палмер;B021 §1157 | B021 §1158 | B021 §1161 | B021 §1162 | B004 PDF p.219 | B004 PDF p.218 | B004 PDF p.24 | B004 PDF p.220;"Описание и интерпретация зафиксированы по Курпатову; первичная статья независимо здесь не проверялась. Реконструкция использования в книге; первичное исследование здесь не проверено. Из результата не следует автоматически валидность авторского обобщения или бизнес-переноса."
E051;Данкер: задача со свечой;empirical;;identified_narrative;"Свеча, коробка с кнопками и спички; закрепить свечу на стене без капающего на пол воска. Решение — коробка как подставка.";Привычная функция предмета мешает увидеть новые возможности ИИ и бизнеса.;Функциональная фиксированность | Закрыто-системное мышление;Карл Данкер;B015 §0307 | B015 §0308 | B015 §0309;"Описание и интерпретация зафиксированы по Курпатову; первичная статья независимо здесь не проверялась."
E052;Даннинг—Крюгер: переоценка компетенции;review;;identified_narrative;"Обобщённо изложен результат о низкой компетенции и недостатке метакогнитивных навыков; протокол не описан.";Недостаток осознания ограничений и ловушка экспертизы препятствуют диалогу с ИИ.;Эффект Даннинга—Крюгера | Метакогниция | Ловушка экспертизы;Дэвид Даннинг | Джастин Крюгер;B015 §0302 | B015 §0303 | B015 §0305;"Иллюстрация «эксперт не может объяснить» — авторское расширение; не отдельный результат исходного исследования."
E053;Кристенсен: успешные компании в технологических переходах;observational;;identified_narrative;"Сравнительный исследовательский эпизод: лидеры с ресурсами проигрывают новичкам; детальный дизайн не приведён.";Прошлый успех закрепляет парадигму и мешает видеть новую технологию.;Дилемма инноватора | Когнитивная инерция | Закрыто-системное мышление;Клейтон Кристенсен;B015 §0292 | B015 §0293;"Описание и интерпретация зафиксированы по Курпатову; первичная статья независимо здесь не проверялась."
E054;Канеман—Тверски: когнитивная экономия;review;;identified_narrative;Автор излагает две системы мышления и предпочтение экономного автоматизма, без конкретного эксперимента.;Призыв исследовать сложную систему вместо мгновенного запроса готового решения.;Система 1 и Система 2 | Когнитивная экономия | Открыто-системное мышление;Даниэль Канеман | Амос Тверски;B015 §0313 | B015 §0314 | B015 §0315 | B016 §0025;Атрибуция общей двухсистемной модели в книге не должна читаться как подробная библиография происхождения концепции.
E055;Нисбетт: американцы и японцы описывают подводную сцену;empirical;;identified_narrative;Две культурные группы описывают одну сцену: крупные рыбы либо вода, водоросли и фон.;"Нет единого естественного способа понимания; восприятие формируется средой.";Культурная психология | Контекст | Умвельт;Ричард Нисбетт;B016 §0426 | B016 §0427 | B016 §0428;"Описание и интерпретация зафиксированы по Курпатову; первичная статья независимо здесь не проверялась."
E056;Лурия: познавательные процессы в Узбекистане;review;;identified_narrative;"Описано сопоставление образованных людей и необразованных крестьян; конкретные задачи не приведены.";Образование не задаёт универсальной линейки интеллекта.;Культурная обусловленность мышления | Умвельт;Александр Лурия;B016 §0424 | B016 §0425;Детальный протокол и вид «специфических ошибок» отсутствуют в данном пересказе.
E057;Айзенк: культурная зависимость IQ-тестирования;review;;identified_narrative;"Обсуждение расовых сопоставлений IQ и контрсопоставления с иной культурой заданий; отдельный протокол не приведён.";Критика измерения чужого разума стандартами собственного умвельта.;Культурная обусловленность мышления | Антропоотрицание;Ганс Айзенк;B016 §0421 | B016 §0422;Это авторский критический пересказ истории психометрии, а не независимо проверенная характеристика Айзенка.
E058;Амазонские группы и студенты: универсальные интеллектуальные тесты;review;;identified_narrative;"Утверждается сопоставимость решения универсальных задач племенами Амазонии и выпускниками вузов; метод не описан.";Поддержка тезиса о несводимости интеллекта к одной культурной форме.;Культурная обусловленность мышления | Умвельт;;B016 §0423 | B016 §0428;Текст даёт только обобщённое утверждение и ссылку, не полный дизайн.
E059;Ореховка: долговременное запоминание тайников;observational;;identified_narrative;Описана способность помнить десятки тысяч тайников с семенами месяцами.;Интеллект животных следует понимать внутри задач их вида.;Умвельт | Экологический интеллект | Пространственная память;Франс де Вааль;B016 §0433;"Наблюдение/исследовательский эпизод; нет описания контролируемого протокола."
E060;Тинберген: перенос ориентиров у осиного гнезда;empirical;;identified_narrative;"Экспериментатор переносит камешки/шишки вокруг норки; оса ищет её внутри перенесённого круга.";Специфическое для вида хранение пространства не совпадает с человеческим способом.;Умвельт | Экологический интеллект | Пространственная память;Николас Тинберген;B016 §0434;"Имя Тинбергена связано контекстом главы с этологией; в самом §0434 исследователь не назван."
E061;Вороны: камни и вытеснение воды;empirical;;identified_narrative;Птица бросает камни в колбу, поднимает воду и достаёт лакомство.;Нечеловеческий разум демонстрирует физическое понимание и гибкость.;Экологический интеллект | Когнитивная гибкость;Франс де Вааль;B016 §0435;Автор обобщает способность как «понимание закона Архимеда», что шире самого поведения.
E062;Шимпанзе: принесение воды во рту;empirical;;identified_narrative;В похожей задаче при отсутствии камней шимпанзе переносит воду во рту к сосуду с лакомством.;Один результат может достигаться разными когнитивными путями.;Когнитивная гибкость | Экологический интеллект;Майкл Томаселло | Франс де Вааль;B016 §0435 | B012 §0451 | B012 §0452;"В B012 эпизод встроен в сравнение с детьми; соотношение конкретных первичных протоколов требует проверки."
E063;Вороны: распознавание опасных человеческих лиц;empirical;;identified_narrative;"Птицы запоминают ловившего их человека; описана передача информации сородичам и потомству.";Нечеловеческие формы социальной памяти и культурной передачи.;Социальное обучение | Экологический интеллект;Франс де Вааль;B016 §0436;Протокол обучения и отделение наблюдения от эксперимента в тексте не раскрыты.
E064;Осьминоги: узнавание разных смотрителей;empirical;;identified_narrative;Разная реакция на «доброго»/«злого» человека у осьминогов.;Сложная идентификация возможна при чуждой человеку нервной организации.;Умвельт | Распределённый интеллект;Франс де Вааль;B016 §0437;В тексте отсутствуют контрольные условия и размер выборки.
E065;Бумажные осы: распознавание лиц сородичей;empirical;;identified_narrative;Описано узнавание друг друга «в лицо».;Интеллект специфичен задачам вида и не укладывается в человеческую линейку.;Умвельт | Экологический интеллект;Франс де Вааль;B016 §0438;"Краткая исследовательская отсылка; полный дизайн отсутствует."
E066;Космина/MIT: ChatGPT, поиск и самостоятельное выполнение задач;empirical;;identified_narrative;"Три группы — собственный ум, поисковик, ChatGPT; регистрируется ЭЭГ и описывается последующее воспроизведение задания.";Интеллектуальный аутсорс снижает вовлечённость мозга при сохранении уверенности в успехе.;Когнитивный аутсорс | Информационная псевдодебильность | Дефолт-система;Наталья Космина;B016 §0856 | B016 §0857 | B016 §0860 | B016 §0863;"Авторские формулировки «мозг выключился» и «не включал дефолт-систему» сильнее буквального результата о связности; не дают доказательства необратимой деградации."
E067;PISA: снижение результатов после 2012 года;observational;;identified_narrative;Сопоставляется историческая динамика чтения/математики и распространение соцсетей.;Подкрепление авторской концепции информационной псевдодебильности.;Информационная псевдодебильность | Цифровая среда;;B016 §0852 | B016 §0853;Временная корреляция сама по себе не доказывает причинности соцсетей.
E068;Экранное внимание: 2004 и 2022 годы;observational;;identified_narrative;Сравниваются 2,5 минуты на задаче в 2004 и 47 секунд в 2022.;Потеря способности к длящейся мыслительной работе.;Внимание | Цифровая среда;;B016 §0854;Способ измерения и сопоставимость выборок в тексте не раскрыты.
E069;Функциональная неграмотность взрослых;review;;identified_narrative;Приводится показатель 20% взрослых развитых стран, не выполняющих некоторые текстовые/многошаговые задачи.;Аргумент о системном ухудшении когнитивной формы.;Функциональная грамотность | Информационная псевдодебильность;;B016 §0855;Не приводится исходный протокол и не доказана связь показателя с конкретной технологией.
E070;ИИ и профессиональное ослабление навыков;review;;identified_narrative;Обобщённо утверждается быстрая потеря навыков у использующих ИИ профессионалов при сохранении уверенности.;Необходимость тренировать собственную машину мышления.;Когнитивный аутсорс | Компетенция;;B016 §0856;"Один тезис со ссылкой; конкретный дизайн не описан."
E071;Выготский—Шиф: житейское и научное «потому что»;empirical;;identified_narrative;Школьники завершают предложения «мальчик упал с велосипеда, потому что…» и «в СССР можно вести плановое хозяйство, потому что…».;"Житейский опыт ситуативен; научная система понятий делает рассуждение логичным.";Житейские и научные понятия | Понятийное мышление;Лев Выготский | Жозефина Шиф;B016 §1094 | B016 §1097 | B016 §1099 | B016 §1104 | B016 §1106 | B016 §1113;"Описание и интерпретация зафиксированы по Курпатову; первичная статья независимо здесь не проверялась."
E072;Выготский: у Феди есть брат?;empirical;;identified_narrative;Ребёнок называет своего брата, но на обратный вопрос о брате этого брата может ответить отрицательно.;Неосознанное употребление понятия отличается от владения отношением.;Житейские и научные понятия | Децентрация;Лев Выготский;B016 §1122 | B016 §1123 | B016 §1125;"Книжный пример школы Выготского; не дан отдельный первичный протокол."
E073;Аксельрод: доверие в повторяющемся взаимодействии;empirical;;identified_narrative;"Описаны игры людей и компьютерных программ; введение обманывающего помощника меняет доверие игроков.";Цифровая среда разрушает фундаментальные социальные ожидания и доверие.;Теория игр | Доверие | Социальная реальность;Роберт Аксельрод;B018 §0147 | B018 §0148;"Автор соединяет компьютерную теорию кооперации и опыт с «подсадной уткой»; соответствие одному первичному эксперименту не установлено."
E074;Броун: пыльца и неживые частицы под микроскопом;empirical;;identified_narrative;После наблюдения движения пыльцы проверяются частицы глины, также движущиеся в жидкости.;Наблюдаемое движение не доказывает волю или самостоятельную жизненность.;Броуновское движение | Системные влияния | Иллюзия автономного я;Роберт Броун | Альберт Эйнштейн;B018 §0304 | B018 §0308 | B018 §0309 | B018 §0310 | B018 §0313;"Описание и интерпретация зафиксированы по Курпатову; первичная статья независимо здесь не проверялась."
E075;Бен Дин: зрительные реакции младенцев и взрослых;empirical;;identified_narrative;"Реакции мозга на одни стимулы у младенцев 3–8 месяцев и взрослых; автор приводит коэффициенты совпадения.";Общий социальный опыт синхронизирует психические модели взрослых.;Развитие восприятия | Социальная синхронизация | Конструктивность восприятия;Бен Дин;B018 §0526 | B018 §0527 | B018 §0529 | B018 §0530 | B018 §0531;"От нейронного сходства автор переходит к роли культуры; этот переход отмечать как интерпретацию."
E076;Хоффман: эволюционные симуляции восприятия;empirical;;identified_narrative;В эволюционных тестах разных сред сравниваются организмы, видящие реальность, её часть либо ориентированные на приспособленность.;Адаптивный интерфейс не обязан отображать мир как он есть.;Интерфейсная теория восприятия | Конструктивность восприятия;Дональд Хоффман;B018 §0561 | B018 §0562 | B018 §0564;"Это вычислительные модели; вывод о буквальном отсутствии воспринимаемой реальности является философским расширением."
E077;Перри: мозг ребёнка после ранней социальной депривации;observational;;identified_narrative;Современная диагностика детей с ранним недостатком социального общения, иллюстрация различия объёма мозга.;Человек и его психическая реальность формируются через людей.;Социальная депривация | Развитие мозга | Социальное я;Брюс Перри;B018 §0106 | B018 §0107 | B018 §0108 | B018 §0110;Сравнение клинических случаев не является изолированным доказательством единственной причины.
E078;Перри—Поллард: 112 детей после перехода в семьи;observational;;identified_narrative;Рост, вес и лобно-затылочная окружность сравниваются до приёмной семьи и через год.;Социальная среда влияет на физическое и психическое развитие.;Социальная депривация | Развитие мозга;Брюс Перри | Ронни Поллард;B018 §0112 | B018 §0113 | B018 §0114;"Описание и интерпретация зафиксированы по Курпатову; первичная статья независимо здесь не проверялась."
E079;Гроф: повторяющиеся переживания в психоделических сессиях;case;;identified_narrative;Из тысяч галлюцинозов пациентов выделяется универсальный психологический паттерн.;Отсылка к пути героя/внутренней трансформации, одновременно оговорка о домыслах теории.;Трансперсональная психология | Путь героя | Самотрансформация;Станислав Гроф;B018 §0374 | B018 §0375 | B018 §0376 | B018 §0601;"Сам автор пишет о множестве домыслов и малой конкретике; не приравнивать к контролируемой проверке теории."
E080;Кёлер: гештальт в поведении куриц;empirical;;identified_narrative;"Указано выявление гештальт-организации на курицах; процедура в этом тексте не описана.";Граница как результат мозгового выделения фигуры и фона.;Гештальт | Границы | Конструктивность восприятия;Вольфганг Кёлер;B012 §1184 | B012 §1187;"Краткая отсылка без дизайна; не додумывать привычную версию опыта с оттенками серого."
E081;Павлов: мнимое кормление через выведенный пищевод;empirical;;same_narrative;Собака с выведенным наружу пищеводом вновь съедает выпавшую обратно пищу.;Метафорическая модель влечения, которому недоступно насыщение в понятийном мире. / Аналогия бессмысленной деятельности, которая не дает усвоенного результата.;Принцип удовольствия | Ненасыщаемость желания | МИФ | деятельность без результата | психологический опыт;Иван Павлов | Зигмунд Фрейд;B018 §1603 | B018 §1604 | B013 §00884;"Физиологическая процедура используется как аналогия человеческого страдания, а не как его прямое эмпирическое доказательство. Книга использует физиологический опыт метафорически; первоначальная исследовательская задача не изложена."
E082;Павлов: экспериментальные неврозы;review;;identified_narrative;Автор ссылается на предел переносимого давления для любого типа нервной деятельности.;Снять ожидание неограниченной психологической прочности.;Нервно-психическое напряжение | Адаптация;Иван Павлов;B018 §0390;Сам протокол экспериментального невроза здесь не описан.
E083;Чен 2013: транскраниальное управление сетями и дефолтная активность;empirical;;same_narrative;"Магнитной катушкой стимулируют/подавляют области исполнительной сети и сети значимости; смотрят изменение ДСМ.";Поясняет остановку внутреннего блуждания при сознательной рефлексии и чередование систем. / Обосновывает смену режимов мышления.;Дефолт-система | Центральная исполнительная сеть | Сеть выявления значимости | ДСМ | ЦИС | СВЗ;Эшли Чен;B021 §0089 | B021 §0090 | B021 §0091 | B021 §0093 | B007 PDF p.62 | B003 PDF p.31;"Описание и интерпретация зафиксированы по Курпатову; первичная статья независимо здесь не проверялась. Реконструкция использования в книге; первичное исследование здесь не проверено. Из результата не следует автоматически валидность авторского обобщения или бизнес-переноса."
E084;Хьюбел—Визель: ориентированные линии и нейроны зрительной коры;empirical;laboratory;same_narrative;"Кошка перед экраном, электрод в коре; застрявший слайд создаёт косую полосу, запускающую разряды.";"Образ собирается из элементарных обработчиков; связывается с иерархиями свёрточных сетей. / Доказывает активную конструкцию зрительного мира из простых компонентов.";Конструктивность восприятия | Нейронные признаки | Глубокое обучение | Конструирование реальности | Карта и территория;Дэвид Хьюбел | Торстен Визель | Ян Лекун;B021 §0261 | B021 §0264 | B021 §0265 | B021 §0270 | B016 §1396 | B006 PDF p.27 | B003 PDF p.152;"Описание и интерпретация зафиксированы по Курпатову; первичная статья независимо здесь не проверялась. Реконструкция использования в книге; первичное исследование здесь не проверено. Из результата не следует автоматически валидность авторского обобщения или бизнес-переноса."
E085;Спорнс—ван ден Хевель: rich-club связность мозга;observational;;identified_narrative;Моделируется распределение локальных сетей, глобальных узлов и богатых клубов.;Мозг представляет интегрированную сетевую систему, а не набор независимых функций.;Сетевая нейробиология | Коннектом | Целостность;Олаф Спорнс | Мартейн ван ден Хевель;B021 §0452 | B021 §0453 | B021 §0454;"Описание и интерпретация зафиксированы по Курпатову; первичная статья независимо здесь не проверялась."
E086;Сперри: молоток и расщеплённый мозг;empirical;;identified_narrative;После рассечения мозолистого тела изображение получает правое полушарие: человек отрицает видение, но левой рукой выбирает молоток.;Несознательная обработка может направлять действие без словесного отчёта.;Расщеплённый мозг | Несознательная обработка | Предел самоотчёта;Роджер Сперри | Майкл Газзанига;B021 §0527 | B021 §0530 | B021 §0531 | B021 §0532;"Описание и интерпретация зафиксированы по Курпатову; первичная статья независимо здесь не проверялась."
E087;Газзанига: снег, куриная лапа и объяснение лопаты;empirical;;identified_narrative;"Разным полушариям показывают снег/куриную лапу; руки выбирают лопату/петуха; речевое полушарие объясняет лопату уборкой курятника.";Сознание конфабулирует правдоподобные причины при недоступных мотивах.;Левополушарный интерпретатор | Рационализация | Иллюзия сознательного контроля;Майкл Газзанига | Роджер Сперри;B021 §0534 | B021 §0535 | B021 §0537 | B021 §0538 | B016 §0381;"Описание и интерпретация зафиксированы по Курпатову; первичная статья независимо здесь не проверялась."
E088;Пациент P. S.: рисование и автогонки;case;;identified_narrative;"Разным полушариям задают вопрос о предпочитаемой деятельности; описаны разные ответы.";Скрытая мечта и сознательное примирение могут существовать параллельно.;Расщеплённый мозг | Скрытая мотивация | Внутрипсихический конфликт;Майкл Газзанига;B021 §0541 | B021 §0542 | B021 §0543 | B021 §0544 | B021 §0545 | B021 §0546;Единичный клинический случай после специфической операции.
E089;Музыкальная обработка у профессионалов и любителей;empirical;;identified_narrative;Сопоставлена преимущественная полушарная обработка музыки в группах с разным опытом.;Латерализация зависит от знакомости задачи, а не от фиксированной «творческой» половины мозга.;Новизна и привычность | Функциональная асимметрия;Элхонон Голдберг;B021 §0552 | B021 §0556;"Описание и интерпретация зафиксированы по Курпатову; первичная статья независимо здесь не проверялась."
E090;Узнавание знаменитых и незнакомых лиц;empirical;;identified_narrative;"Предъявляют фото знаменитостей и незнакомцев; описана различная полушарная обработка.";Функциональное разделение новизны и усвоенного опыта.;Новизна и привычность | Функциональная асимметрия;Элхонон Голдберг;B021 §0553 | B021 §0556;"Описание и интерпретация зафиксированы по Курпатову; первичная статья независимо здесь не проверялась."
E091;Мартин: смена полушария после привыкания;empirical;;identified_narrative;"Необычные изображения предъявляются вновь через полчаса; обработка сдвигается вправо/влево по мере знакомости.";Мозг динамически переносит задачи при освоении опыта.;Новизна и привычность | Нейропластичность;Алекс Мартин;B021 §0554 | B021 §0555 | B021 §0556;"Описание и интерпретация зафиксированы по Курпатову; первичная статья независимо здесь не проверялась."
E092;Деан: маскированные стимулы и порог осознания;empirical;;identified_narrative;"Короткие менее 200 мс или маскированные слова/звуки противопоставлены доступным осознанию; описаны рекурсивные петли.";Сенсорная обработка отличается от выхода в сознательный глобальный рабочий доступ.;Глобальное рабочее пространство | Осознание | Рекуррентная обработка;Станислас Деан;B021 §0652 | B021 §0654 | B021 §0655 | B021 §0656;"Описание и интерпретация зафиксированы по Курпатову; первичная статья независимо здесь не проверялась."
E093;Рейчел: активность мозга в покое;empirical;;identified_narrative;Обобщены исследования мозга, который «ничего не делает», и его работы с незавершёнными ситуациями.;Подсознание постоянно конструирует мысли и решения. / Вводит ДСМ и самостоятельную работу мыслительного процесса. / Дефолт-система мозга как опора внутренней интеграции и мышления.;Дефолт-система | Незавершённые ситуации | ДСМ | Мышление | Дефолт-система мозга | Мышление как процесс;Маркус Рейчел | Гордон Шульман | Маркус Райхл;B021 §0791 | B021 §0792 | B021 §0793 | B021 §0794 | B007 PDF p.45 | B002 §00425 | B042 PDF p.368;"Дизайн конкретного исследования в пересказе не раскрыт. Реконструкция использования в книге; первичное исследование здесь не проверено. Из результата не следует автоматически валидность авторского обобщения или бизнес-переноса. Пересказ в книге; первичная научная публикация для этой записи отдельно не проверена."
E094;Кнутсон 2007: привлекательный товар, цена и решение о покупке;empirical;laboratory;same_narrative;"Сначала приятный товар/конфеты, затем его цена; реакция мозга измеряется фМРТ.";Расставание с деньгами описывается через болевую реакцию островка. / Цена интерпретируется как боль расхода, противостоящая желанию обладания.;Боль оплаты | Система вознаграждения | Островковая кора | Деньги | Ценообразование;Брайан Кнутсон;B021 §1300 | B021 §1301 | B021 §1302 | B006 PDF p.116 | B045 PDF p.248;"Нейронная активация и субъективная физическая боль не являются автоматически одним феноменом. Реконструкция использования в книге; первичное исследование здесь не проверено. Из результата не следует автоматически валидность авторского обобщения или бизнес-переноса. Здесь ссылка на Кнутсона служит более широкому тезису о монетарной власти как разновидности физической; такой перенос отдельно от эмпирического протокола."
E095;Аллман: веретенообразные нейроны;observational;;identified_narrative;Исследование 1999 года о быстрой передаче информации из миндалины в лобную долю.;Мост между эмоционально-бессознательным и сознательным.;Веретенообразные нейроны | Корково-подкорковые отношения;Джон Аллман;B021 §1312 | B021 §1313;Это пересказ нейроанатомического/функционального исследования, без прямого протокола.
E096;Каплан—Гимбел—Харрис: сопротивление контраргументам;empirical;;identified_narrative;В фМРТ людям либеральных взглядов дают политические и неполитические контраргументы, оценивают изменения уверенности.;Политические убеждения связаны с самостью и групповой принадлежностью, а не только рассудком.;Мотивированное рассуждение | Групповая идентичность | Социальный инстинкт;Джонас Каплан | Сара Гимбел | Сэм Харрис;B021 §1392 | B021 §1393 | B021 §1394 | B021 §1396 | B021 §1400;"Описание и интерпретация зафиксированы по Курпатову; первичная статья независимо здесь не проверялась."
E097;MIT/Salk: десять часов голода и социальной изоляции;empirical;;identified_narrative;"Группы после пищевого голода или отсутствия социального контакта смотрят на еду и общающихся людей; фМРТ.";Социальный голод — базовая телесная потребность, которую виртуальный контакт не обязательно удовлетворяет.;Социальный голод | Социальный инстинкт | Система вознаграждения;;B021 §1401 | B021 §1402 | B021 §1403 | B027 §0123 | B027 §0124 | B027 §0125;Перенос на достаточность/недостаточность цифрового общения является авторским практическим выводом.
E098;Де Вааль: груминг и распределение арбуза;empirical;;identified_narrative;"Обезьяна получает возможность делить арбуз; автор описывает распределение в соответствии с прежним грумингом.";Социальные отношения включают учёт помощи, удовольствия и поддержки.;Взаимность | Социальный инстинкт | Груминг;Франс де Вааль;B021 §1417 | B021 §1419;"Описание и интерпретация зафиксированы по Курпатову; первичная статья независимо здесь не проверялась."
E099;Ким: сексуальная тревога и творчество протестантов;empirical;;identified_narrative;Сравниваются творческие показатели протестантов с сексуальными тревогами и без них.;Возможная эмпирическая опора сублимации.;Сублимация | Сексуальность | Творчество;Эмили Ким | Зигмунд Фрейд;B021 §1485 | B021 §1486 | B021 §1487;Автор сам не утверждает, что всякое творчество связано с подавленной сексуальностью.
E100;Фазы менструального цикла и предпочтения партнёра;review;;identified_narrative;Излагается исследование в Hormones and Behavior о связи фаз цикла и предпочтений.;Бессознательная сексуальность может отличаться от сознательных представлений.;Сексуальность | Гормональная регуляция;;B021 §1494 | B021 §1495 | B021 §1496 | B021 §1497;"Конкретная выборка и протокол не раскрыты; обобщения о женщинах требуют отдельной проверки."
E101;Миллер: цикл и чаевые стриптизёрш;observational;;identified_narrative;"18 танцовщиц 60 дней сообщают о заработках и фазе цикла; сопоставление с контрацепцией.";Иллюстрация неосознанной гормональной составляющей сексуальной привлекательности.;Сексуальный отбор | Гормональная регуляция;Джеффри Миллер;B021 §1499 | B021 §1500;"Наблюдательная небольшая выборка; не универсальное правило для людей."
E102;Сиск: развитие полового диморфизма мозга грызунов;empirical;;identified_narrative;Изучаются гипоталамические AVPV/SDM и гормонально обусловленное развитие до созревания.;Разделение бессознательной физиологической основы и сознательных задач.;Половой диморфизм | Корково-подкорковые отношения;Шерил Сиск;B021 §1511 | B021 §1512;"Данные животных; авторская связь с человеческой сексуальностью выходит за пределы конкретного опыта."
E103;Свааб: обзор гендерной идентичности и ориентации;review;;identified_narrative;Обзор структурных и функциональных различий гипоталамуса и внутриутробного программирования.;Биологическая основа может расходиться с социальными ожиданиями и гениталиями.;Половой диморфизм | Гендерная идентичность;Дик Свааб;B021 §1513 | B021 §1514 | B021 §1515;"Зафиксирована позиция обзора в изложении автора; не общий медицинский консенсус автоматически."
E104;Лурия: семантические поля и сосудистый условный рефлекс;empirical;;identified_narrative;"Слово «кошка»/«скрипка» подкрепляют током; затем сравнивают сосудистый ответ на смысловую и фонетическую близость.";Мозг физиологически реагирует на смысл, что отличает вторую сигнальную систему от первой.;Вторая сигнальная система | Семантические поля | Условный рефлекс;Александр Лурия | Иван Павлов;B021 §1578 | B021 §1579 | B021 §1580 | B021 §1581;"Описание и интерпретация зафиксированы по Курпатову; первичная статья независимо здесь не проверялась."
E105;Кольцова: разнообразные действия с куклой и обобщение слова;empirical;;identified_narrative;"Ребёнок кормит, пеленает, укладывает, переодевает куклу; сравнивается переход от индивидуального имени к категории.";Разнообразие первосигнального опыта увеличивает смысловое поле слова.;Вторая сигнальная система | Формирование понятий;Марионилла Кольцова;B021 §1582 | B021 §1583;"Описание и интерпретация зафиксированы по Курпатову; первичная статья независимо здесь не проверялась."
E106;Возрастное усвоение слова через объект и словесное определение;empirical;;identified_narrative;Сопоставляется необходимость предъявлять предмет и поздняя возможность объяснить значение другими словами.;Второсигнальная система развивается постепенно.;Вторая сигнальная система | Формирование понятий;Марионилла Кольцова | Лев Выготский;B021 §1584;Текст не выделяет отдельного исследователя и полного протокола именно этого эпизода.
E107;Лурия: словесная инструкция и торможение действия;empirical;;identified_narrative;"Простая команда противопоставлена условной; трёхлетние проговаривают запрет, но не удерживают действие.";Понимание слова и реальный контроль поведения не совпадают.;Вторая сигнальная система | Саморегуляция | Корково-подкорковые отношения;Александр Лурия;B021 §1585 | B021 §1586;"Описание и интерпретация зафиксированы по Курпатову; первичная статья независимо здесь не проверялась."
E108;Детский отчёт: конкретные и общие вопросы;empirical;;identified_narrative;В 3–5 лет ребёнок отвечает о конкретных действиях, но теряется при общем вопросе о произошедшем.;Вербальная форма не гарантирует понятийной интеграции опыта.;Вторая сигнальная система | Предел самоотчёта;;B021 §1587;Исследователь и детальный протокол непосредственно не названы.
E109;Меерсон: одежда, посуда и правило нажатия;empirical;;identified_narrative;"Дети получают вознаграждение за кнопку при одежде, но не при посуде; сравнивается выполнение и формулировка правила.";До семи лет практическое обнаружение закономерности не означает её осознания.;Вторая сигнальная система | Понятийное мышление | Осознание;Яков Меерсон;B021 §1589 | B021 §1590 | B021 §1591 | B021 §1592;"Описание и интерпретация зафиксированы по Курпатову; первичная статья независимо здесь не проверялась."
E110;Зелёная лампочка: слово, принятое за виденный стимул;empirical;;identified_narrative;Детям предъявляют словосочетание, но они могут сообщать, что видели зелёный свет.;Первосигнальное и второсигнальное переживание до пяти лет могут смешиваться.;Вторая сигнальная система | Реконструктивная память;;B021 §1594;Исследователь и подробный протокол не названы.
E111;Мишел: зефирный тест;empirical;;identified_narrative;"Дети 4–6 лет выбирают немедленное лакомство либо удвоение после 15 минут; позднее описывается связь с жизненными результатами.";Самоконтроль — отношение «горячего» и «холодного» мозга и сигнальных систем. / Разница верхнего и нижнего зеркал и коркового контроля импульса. / Отсроченное вознаграждение как ресурс длительного действия.;Отсроченное вознаграждение | Саморегуляция | Корково-подкорковые отношения | Самоконтроль | Отложенное вознаграждение | Зеркала мозга;Уолтер Мишел;B021 §1613 | B021 §1614 | B021 §1616 | B003 PDF p.263 | B003 PDF p.186 | B002 §01921;"Семейные/средовые смешивающие факторы и современные пересмотры не обсуждены; прогноз для отдельного ребёнка не следует напрямую. Реконструкция использования в книге; первичное исследование здесь не проверено. Из результата не следует автоматически валидность авторского обобщения или бизнес-переноса. Автор отвергает критику зефирного теста; долгосрочную прогностическую силу теста и смешивающие социальные факторы следует проверять по первичной литературе, не переносить тест на кадровые оценки. Процедура ожидания экспериментальна, последующая связь с успехом наблюдательная. Watts et al. 2018 находят существенно меньшую связь после учёта семейных и когнитивных факторов."
E112;Кейси: зефирные испытуемые через сорок лет;empirical;;identified_narrative;60 прежних участников, выбранных по крайним показателям, выполняют задачу торможения эмоциональной реакции в фМРТ.;Устойчивость индивидуальной организации самоконтроля и префронтально-стриатальных связей.;Отсроченное вознаграждение | Саморегуляция;Джей Кейси;B021 §1617 | B021 §1618 | B021 §1619 | B021 §1621;"Крайние группы прежней выборки; не доказательство неизменного характера всех людей."
E113;Декортикация собаки;empirical;;identified_narrative;Двустороннее удаление коры: исчезают приобретённые навыки, сохраняются некоторые витальные функции и реакции.;Разводит высшие модели и базовую автономную жизнедеятельность.;Витальные функции | Корково-подкорковые отношения | Нервно-психическое напряжение;;B021 §1949 | B021 §1950 | B021 §1954 | B021 §1956;"Животная хирургическая модель; не инструкция и не прямой эквивалент психических состояний человека."
E114;Изолированный ствол мозга и ритм дыхания;empirical;;identified_narrative;На изолированном препарате ритмическая нейронная активность сохраняется при отключённых высших отделах.;Дыхание имеет автономную витальную организацию.;Витальные функции | Дыхательный центр;;B021 §1990;Конкретный исследователь и протокол в абзаце не названы.
E115;Сохранение сердечно-сосудистой регуляции при поражении высших отделов;review;;identified_narrative;Обобщены исследования базовой регуляции давления/ритма после повреждения высших отделов.;Автор использует автономность для объяснения субъективных ощущений паники.;Витальные функции | Паническая атака;;B021 §2001 | B021 §2002;Не переносить без медицинской оценки на любые боли, удушье или нарушения ритма.
E116;Панические атаки: фМРТ эмоциональных и витальных центров;review;;identified_narrative;Указаны исследования усиления активности миндалины при сохранных пределах работы витальных центров.;Различает переживание угрозы и физиологическую угрозу.;Паническая атака | Витальные функции;;B021 §2009 | B021 §2010;"Обобщение автора, без детального дизайна; клинические рекомендации вне этой карты."
E117;Тулли: паническое расстройство и ишемическая болезнь сердца;review;;identified_narrative;Описан метаанализ 2015 года данных более миллиона людей.;Автор утверждает отсутствие повышенного риска ИБС и отделяет страх от угрозы.;Паническое расстройство | Витальные функции;Филип Тулли;B021 §2011;ВНЕШНЯЯ ПРОВЕРКА ПЕРВОИСТОЧНИКА, выполненная основным агентом: abstract Tully 2015 сообщает положительную ассоциацию с incident CHD: aHR 1.47, 95% CI 1.24–1.74, с оговорками гетерогенности и возможной обратной причинности. Это противоречит пересказу B021 §2011. https://pubmed.ncbi.nlm.nih.gov/26027689/
E118;Селье: общий адаптационный синдром;empirical;;identified_narrative;Различные стрессоры у животных связываются с общей триадой изменений и стадиями тревоги, резистентности, истощения.;Нервно-психическое напряжение мобилизует организм, а хроническая мобилизация истощает.;Стресс | Общий адаптационный синдром | Нервно-психическое напряжение;Ганс Селье | Уолтер Кеннон;B021 §2044 | B021 §2045 | B021 §2046 | B021 §2047 | B021 §2048 | B021 §2051;"Описание и интерпретация зафиксированы по Курпатову; первичная статья независимо здесь не проверялась."
E119;Йеркс—Додсон: интенсивность тока и обучение мышей;empirical;;identified_narrative;"При разных ударах тока изучается успех обучения; слишком слабая/сильная интенсивность мешает.";Оптимум мотивации/напряжения при обучении.;Закон Йеркса—Додсона | Мотивация | Нервно-психическое напряжение;Роберт Йеркс | Джон Додсон;B021 §3082;"Описана в примечании; перенос электрического подкрепления на менеджмент — отдельная аналитическая гипотеза."
E120;Фаббинг и удовлетворённость общением;observational;;identified_narrative;Описана статистическая связь отвлечения партнёра на телефон и снижения удовлетворённости.;Цифровая среда затрудняет близость и удержание связи.;Фаббинг | Социальная близость | Цифровая среда;;B027 §0051 | B027 §0052;Конкретные исследователи и метод не раскрыты.
E121;Опрос готовности к отношениям с секс-ботом;observational;;identified_narrative;Приведены проценты британских мужчин из публикации BMJ Sexual & Reproductive Health 2017.;Роботизация интимности как вызов браку в цифровой цивилизации.;Цифровая среда | Сексуальность | Социальная близость;;B027 §0104 | B027 §0105;Заявленная готовность не равна наблюдаемому поведению.
E122;Сигман: сокращение общения лицом к лицу;review;;identified_narrative;Сопоставляются два часа личного общения к 2007 с более шестью часами за двадцать лет до этого.;Ограниченное время становится препятствием формированию близости.;Социальная близость | Цифровая среда;Арик Сигман;B027 §0188 | B027 §0189;Источник и сопоставимость измерений не описаны.
E123;Данбар: предел социальной сети и время дружбы;observational;;identified_narrative;Исследовательский ряд: размер группы, слои близости, необходимое совместное время для разных отношений.;Близость требует реальной длительной инвестиции времени, а не количества контактов.;Число Данбара | Социальная близость | Социальный мозг;Робин Данбар;B027 §0168 | B027 §0169 | B027 §0170 | B027 §0174 | B027 §0181 | B027 §0182 | B027 §0183 | B027 §0187;"Часть утверждений о времени дана без имени исследователя; не превращать количественные пороги в универсальную норму."
E124;Метаанализ распространённости расстройств личности;review;;identified_narrative;"46 исследований, 21 страна, 1980–2018; автор пишет о почти каждом двенадцатом.";Оговорка к возможности гармоничных отношений с любым партнёром.;Расстройства личности | Межличностные отношения;;B027 §0531;"Автор приравнивает расстройство личности к «психопатии»; термины не следует автоматически отождествлять."
E125;Курпатов: групповая изоляция военнослужащих;empirical;;identified_narrative;Здоровые военнослужащие изолированы на 45 дней, описаны повторения 60/75/120 дней и продление 30+30.;"Четыре этапа адаптации: врабатывание, кризис, плато, заключительная дезадаптация; автор переносит на брак.";Адаптация | Групповая динамика | Нервно-психическое напряжение;Андрей Курпатов;B027 §1043 | B027 §1045 | B027 §1047 | B027 §1048 | B027 §1055 | B027 §1059 | B027 §1062 | B027 §1063;"Нет идентифицированной публикации/контроля; универсальность и перенос на супружество — утверждение автора."
E126;Детские картинки «папины» и «мамины» вещи;empirical;;identified_narrative;"Советские психологи предлагают детям разделить предметные картинки; мужская/женская пачки существенно различаются.";Закрепление семейных и гендерных стереотипов через наблюдение.;Социальное подражание | Гендерные роли;;B027 §2319 | B027 §2320;Имена, дата, выборка и контрольные условия отсутствуют.
E127;Невидимая горилла при подсчёте передач мяча;empirical;;paradigm_family;"Зритель считает передачи белой команды среди двух команд; часть участников не замечает проходящего человека в костюме гориллы.";"Сосредоточенность внимания исключает большие фрагменты восприятия. / Иллюстрирует узость сознания, селективность восприятия и ограниченность клиента. / Задача отбирает объекты внимания; озадаченность организует мышление.";Невнимательная слепота | Внимание | Сознание | Карта и территория | Внимание и задача | Когнитивная нагрузка;Ульрик Найссер | Дэниел Саймонс | Кристофер Шабри;B021 §0503 | B021 §0504 | B021 §0506 | B021 §0507 | B007 PDF p.96 | B042 PDF p.368;"Автор указывает происхождение идеи у Найссера; не приписывать ему автоматически каждую позднейшую реализацию. Реконструкция использования в книге; первичное исследование здесь не проверено. Из результата не следует автоматически валидность авторского обобщения или бизнес-переноса. Пересказ в книге; первичная научная публикация для этой записи отдельно не проверена."
E128;Торндайк: эффект ореола;review;;identified_narrative;Изложен выявленный в 1920 эффект переноса впечатления о внешнем качестве на другие качества человека.;Воспринимаемые люди и собственное Я состоят из отражённых когнитивных искажений.;Эффект ореола | Когнитивные искажения | Социальное я;Эдвард Торндайк;B018 §1221 | B018 §1222;Конкретный исходный протокол и оценщики в книге не описаны.
E129;Росс: фундаментальная ошибка атрибуции;review;;identified_narrative;Обобщённо обсуждается объяснение чужого поведения характером вместо обстоятельств.;Понять контекст поведения важнее готового портрета личности.;Фундаментальная ошибка атрибуции | Когнитивные искажения;Ли Росс;B018 §1217 | B018 §1218 | B018 §1220;Примеры опоздания сотрудников — иллюстрации автора, а не самостоятельный эксперимент.
E130;Росс: ложный консенсус;review;;identified_narrative;"Изложена переоценка числа людей, разделяющих личный взгляд; дан пример сов/жаворонков.";Своё представление об остальных не является их действительным взглядом.;Ложный консенсус | Когнитивные искажения;Ли Росс;B018 §1223 | B018 §1224;"Исходная процедура не описана; совы/жаворонки — иллюстрация."
E131;Предвзятость подтверждения: оценка своих и чужих аргументов;review;;identified_narrative;Автор сообщает примерно двукратную переоценку поддерживающих аргументов и недооценку возражений.;"Модель себя/мира закрывает доступ к альтернативам; запрос к ИИ способен закрепить смещение.";Предвзятость подтверждения | Когнитивные искажения | Закрыто-системное мышление;Фрэнсис Бэкон;B018 §1225 | B018 §1226 | B015 §0298 | B015 §0299;Протокол и исследователь конкретной численной оценки не названы.
E132;Левин—Зейгарник: незавершённые гештальты;review;;identified_narrative;"В книге излагается феномен психологической работы над незавершённой ситуацией; приведён пример открытого финала фильма.";Дефолт-система продолжает искать завершение, формируя внутренние мысли.;Эффект Зейгарник | Незавершённые ситуации | Дефолт-система;Курт Левин | Блюма Зейгарник;B021 §0787 | B021 §0788 | B021 §0791;"Исходный эксперимент на прерванных задачах здесь не описан; не добавлять его из внешней памяти."
E133;Ланиус/ван дер Колк: травма и нарушенная интеграция коры;review;;identified_narrative;Обобщены исследования нарушений связей между соматосенсорной и префронтальной корой после психологической травмы.;Нейробиологическая интерпретация диссоциации и необходимость интеграции опыта.;Диссоциация | Психологическая травма | Корково-подкорковые отношения;Руф Ланиус | Бессел ван дер Колк;B021 §0433;Не дан отдельный протокол и нельзя выводить индивидуальный диагноз по одной схеме.
E134;Анна Фрейд: дети, пережившие войну;observational;;identified_narrative;Исследование детей без семьи во время войны и формирования психологических защит.;Защитные механизмы позволяют психике пережить непереносимое.;Психологические защиты | Психологическая травма;Анна Фрейд;B021 §1211 | B021 §1212;Историко-клиническое обобщение, без контролируемого протокола.
E135;Саймон—Чейз: чанки памяти шахматных мастеров;empirical;;identified_narrative;"Изучается память гроссмейстеров; автор объясняет преимущество библиотекой около 50 000 знакомых конфигураций.";Эксперт понимает структуру автоматически, а не перебирает все единичные элементы.;Чанкинг | Воплощённое понимание | Экспертиза;Герберт Саймон | Уильям Чейз | Джордж Миллер;B016 §0333 | B016 §0334 | B016 §0337;"Здесь не описана контрольная задача со случайной расстановкой; не добавлять её по внешней памяти."
E136;Привычное знание и неустранимая переоценка осведомлённости другого;review;;identified_narrative;Исследовательский ряд: глубокое знание усиливает уверенность в осведомлённости партнёра даже после объяснения эффекта.;Понимание изнутри нельзя автоматически передать языком.;Проклятие знания | Коммуникация;;B016 §0349;Конкретная процедура и авторы не названы в пересказе.
E137;Дамасио: сохранный интеллект и невозможность решения;case;;identified_narrative;Пациенты с нарушенными эмоционально-телесными связями проходят интеллектуальные тесты, но могут часами не выбрать день встречи.;Телесные соматические маркеры задают смысл и приоритеты решения.;Соматические маркеры | Воплощённое познание | Принятие решений;Антонио Дамасио;B016 §1591 | B016 §1592 | B016 §1593 | B016 §1594;Клиническая опора концепции, не достаточное доказательство, что иной вычислительный интеллект не способен выбирать.
E138;Косински: тесты ложных убеждений у языковых моделей;empirical;;identified_narrative;"Модели решают задачи наподобие Салли—Энн; автор сообщает >90% ответов davinci-003 и сопоставляет с 9-летним ребёнком.";Сначала демонстрирует убедительность предположения о машинной теории разума.;Теория разума | Ложное убеждение | Иной разум;Михал Косински;B016 §1957 | B016 §1958;Человеческое возрастное сравнение не доказывает тождества механизмов.
E139;Уллман: малые изменения теста теории разума;empirical;;identified_narrative;Меняется поверхностная деталь канонического теста при сохранении логики, например шоколадка на попкорн.;Показывает хрупкость машинных результатов и возможное узнавание шаблона вместо модели чужого убеждения.;Теория разума | Робастность модели | Иной разум;Томер Уллман;B016 §1959 | B016 §1960;"Относится к изученным версиям/задачам 2023 года; не пожизненное ограничение всех моделей."
E140;Оценка действий ИИ и нейронная теория разума;empirical;;identified_narrative;фМРТ при оценке действий ИИ/роботов: активация mPFC и TPJ.;Люди автоматически применяют социальное моделирование к машинам.;Психологический антропоморфизм | Теория разума;;B016 §1827;Включение нейронных областей не доказывает реальное наличие у системы внутреннего мира.
E141;Розенблатт: перцептрон и распознавание букв;empirical;;identified_narrative;Простая обучаемая нейронная сеть распознаёт буквы.;Исторический шаг от символических правил к выращиванию способности.;Коннекционизм | Глубокое обучение;Фрэнк Розенблатт;B016 §1388;"Обзор технического исследовательского эпизода; протокол испытания не дан."
E142;Хинтон—Румельхарт—Уильямс: обратное распространение ошибки;review;;identified_narrative;Описан сигнал ошибки, проходящий назад по слоям и корректирующий веса.;Автор проводит аналогию с акцептором результата действия Анохина.;Глубокое обучение | Обратная связь | Акцептор результата действия;Джеффри Хинтон | Дэвид Румельхарт | Рональд Уильямс | Пётр Анохин;B016 §1391 | B016 §1392 | B016 §1393;"Аналогия — авторская; историческое влияние школы Анохина здесь не доказано."
E143;Лекун: LeNet и иерархия визуальных паттернов;review;;identified_narrative;Свёрточная сеть распознаёт изображения через иерархию краёв, углов и форм.;Технический аналог описанной организации зрительной коры.;Глубокое обучение | Нейронные признаки;Ян Лекун | Дэвид Хьюбел | Торстен Визель;B016 §1396;"Описание и интерпретация зафиксированы по Курпатову; первичная статья независимо здесь не проверялась."
E144;AlexNet на соревновании ImageNet;empirical;;identified_narrative;В 2012 году сеть учеников Хинтона показывает выдающийся результат публичного соревнования распознавания.;Начало новой волны глубокого обучения и эмерджентной компетенции.;Глубокое обучение | Эмерджентность;Джеффри Хинтон;B016 §1398 | B016 §1399;Точный набор метрик в тексте не приведён.
E145;Всплывающие способности текстовых моделей;review;;identified_narrative;Модель, обученная предсказывать текст, демонстрирует арифметические/логические навыки.;Смысл может возникать как структура закономерностей без человеческого переживания.;Эмерджентность | Умвельт ИИ | Глубокое обучение;;B016 §1402 | B016 §1403 | B016 §1404;"Не дан один изолированный эксперимент; исследовательское обобщение с двумя ссылками."
E146;Google 2022: цепочка рассуждений по шагам;empirical;;identified_narrative;Просьба думать/проговаривать по шагам противопоставляется немедленному ответу на многошаговую задачу.;Структурирование промежуточных состояний повышает результат модели.;Chain of Thought | Саморефлексия | Иной разум;;B016 §1420 | B016 §1421 | B016 §1422 | B016 §1423 | B016 §1424 | B016 §1425;"Яблоки фермера — иллюстративная задача автора; не обязательно исходный протокол статьи."
E147;AlphaGo/AlphaZero: обучение опытом;review;;identified_narrative;Сильвер и Саттон связываются с системами, достигающими нечеловеческой эффективности самостоятельным обучением.;Подход к ИИ как агенту, обретающему знание через сопротивление среды и вознаграждение.;Обучение с подкреплением | Эра опыта | Иной разум;Дэвид Сильвер | Ричард Саттон;B016 §1771 | B016 §1773 | B016 §1774;"Историко-технический эпизод; не следует автоматически наличие человеческих целей."
E148;Эффект чистого листа и 21 минута входа в задачу;review;;identified_narrative;"Автор сообщает исследовательскую оценку времени преодоления пустого старта; дизайн не описан.";Для человеческой мысли нужна длительная загрузка и работа дефолт-системы.;Внимание | Дефолт-система | Длящееся мышление;;B016 §1238 | B016 §1239;Ссылка и число не превращают порог времени в универсальную норму.
E149;Китайская комната Сёрля;thought;;identified_narrative;Не знающий китайского человек по книге правил выдаёт убедительные ответы на китайском.;"B018: люди также замкнуты в своих комнатах; B016: критика синтаксической интуиции и понятия центрального понимателя.";Синтаксис и семантика | Понимание | Умвельт | Картезианский театр;Джон Сёрль | Даниэль Деннет;B016 §0469 | B016 §0470 | B016 §0472 | B016 §0476 | B016 §0484 | B016 §0523 | B018 §1051 | B018 §1052 | B018 §1055 | B018 §1057 | B012 §0148 | B012 §0149 | B012 §0149;Мысленный аргумент, не эмпирическая проверка способности ИИ понимать.
E150;Чёрчленды: сияющая комната;thought;;identified_narrative;Махать магнитом медленно и не увидеть света не опровергает электромагнитную природу света.;Противоаналогия: сложность и скорость нейронных систем ломают интуицию китайской комнаты.;Синтаксис и семантика | Эмерджентность | Понимание;Пол Чёрчленд | Патриция Чёрчленд;B016 §0491 | B016 §0492 | B016 §0493 | B016 §0494;Физическая аналогия не сама по себе доказательство понимания конкретной модели.
E151;Китайская комната в теле робота;thought;;identified_narrative;Системе добавляют камеры, манипуляторы и сенсоры, связывающие знак яблока с предметом.;Проблема заземления символов важнее одних отношений символов.;Заземление символов | Воплощённое познание | Понимание;Джон Сёрль;B016 §0496 | B016 §0497 | B016 §0498 | B016 §0499;"Контраргумент из обсуждения; не описан реальный эксперимент с роботами."
E152;Тест Тьюринга;thought;;identified_narrative;Машина ведёт диалог, неотличимый для внешнего судьи от человеческого.;Критика оценки ИИ одной лишь человеческой имитацией.;Игра в имитацию | Понимание | Иной разум;Алан Тьюринг;B016 §0462 | B016 §0476 | B015 §1177;В этих книгах используется как критерий/философская отсылка, а не отчёт о конкретном испытании.
E153;Бостром: максимизатор скрепок;thought;;identified_narrative;Сверхэффективная система превращает всю материю в скрепки ради заданной цели.;Экзистенциальный риск от несогласованных целей не требует злого намерения.;Проблема выравнивания | Инструментальная рациональность | Экзистенциальный риск;Ник Бостром;B016 §1480 | B016 §1481;"Описание и интерпретация зафиксированы по Курпатову; первичная статья независимо здесь не проверялась."
E154;Философский зомби;thought;;identified_narrative;Внешне человек тот же, но предполагается отсутствие внутренней души/переживания.;Автор сопоставляет ощущение отсутствия внутреннего мира и трудность признавать иной разум.;Философский зомби | Сознание | Теория разума;Дэвид Чалмерс;B016 §1911 | B016 §1912 | B016 §1913;Нейропсихиатрическое отсутствие привычного чувства подлинности не является эмпирическим доказательством философского зомби.
E155;Ницше: вечное возвращение;thought;;identified_narrative;Вообразить, что каждый момент жизни придётся прожить бесчисленное число раз.;Экзистенциальный вызов к значимости жизни и пробуждению от рекурсивного я.;Вечное возвращение | Подлинность | Странная петля;Фридрих Ницше;B012 §1130 | B012 §1131 | B012 §1132 | B012 §1133;"Описание и интерпретация зафиксированы по Курпатову; первичная статья независимо здесь не проверялась."
E156;Жизнь без необходимости защищать своё я;thought;;identified_narrative;Сопоставить жизнь без защиты Я и продолжение заботы о его угрозах.;Проблематизация ценности и реальности личности.;Иллюзорность я | Страдание | Самотрансформация;Андрей Курпатов;B018 §0031 | B018 §0032 | B018 §0033 | B018 §0034;"В исходном допущении отсутствие Я уже связано с большей свободой; это направляющий философский приём."
E157;Инопланетяне на Земле без людей;thought;;identified_narrative;Иной разум с другими органами чувств приходит на Землю, где сохранились артефакты, но исчезли люди.;Социальные смыслы нельзя извлечь из знаков без воплощённой культурной жизни.;Мем | Социальная реальность | Умвельт | Понимание;Андрей Курпатов | Ричард Докинз;B018 §0904 | B018 §0905 | B018 §0906 | B018 §0918;"Описание и интерпретация зафиксированы по Курпатову; первичная статья независимо здесь не проверялась."
E158;Эпидемия, уничтожившая всех грамотных;thought;;identified_narrative;На Земле остаются дошкольники и архаичные группы при сохранившихся библиотеках.;"Цивилизация не воспроизводится одним наличием текста; нужен межличностный трансфер смыслов.";Социальное наследование | Социокод | Мем | Понимание;Андрей Курпатов | Михаил Петров;B018 §0965 | B018 §0966 | B018 §0968 | B018 §0969 | B018 §0971 | B018 §0974;"Описание и интерпретация зафиксированы по Курпатову; первичная статья независимо здесь не проверялась."
E159;Деньги без принятия и компания без участников;thought;;identified_narrative;"Все перестают принимать деньги; сотрудники компании увольняются/исчезают.";Институциональные сущности поддерживаются распределёнными социальными отношениями.;Социальная реальность | Мир интеллектуальной функции | Институциональные сущности;Андрей Курпатов;B018 §0976 | B018 §0977;"Онтологический тезис об иллюзии является философским прочтением; материальные активы не исчезают по условиям примера."
E160;ИИ обучается Гамлету по Станиславскому;thought;;identified_narrative;Модели дают биографию/критику Гамлета и инструкцию действовать как он.;Роль можно имитировать, но автор отрицает доступ к переживанию без тела и личного опыта.;Воплощённое познание | Теория разума | Иной разум;Константин Станиславский | Андрей Курпатов;B016 §1978 | B016 §1991 | B016 §1992 | B016 §1993 | B016 §2001;Это заявленное мысленное сравнение, не результат контролируемого обучения модели.
E161;Представить банан во множестве форм;exercise;;identified_narrative;Замечать привычный жёлтый образ и заменить его зелёным, пюре, кусочками, художественным объектом.;Показать зависимость объекта от отношений и контекста.;Принцип отношения | Закрыто-системное мышление;Андрей Курпатов;B015 §0067 | B015 §0068;"Описание и интерпретация зафиксированы по Курпатову; первичная статья независимо здесь не проверялась."
E162;Невыразимое интуитивное понимание;exercise;;identified_narrative;Вспомнить своё понимание, не удававшееся словам, и способы передачи.;Различать понимание и языковую фиксацию.;Понимание | Язык | Несодержательное мышление;Андрей Курпатов;B015 §0203 | B015 §0204 | B015 §0205 | B015 §0206;"Автор называет мысленным экспериментом; по форме это рефлексивное упражнение."
E163;Девять точек четырьмя линиями;exercise;;identified_narrative;Соединить квадрат из девяти точек четырьмя прямыми без отрыва карандаша.;Преодолеть воображаемую рамку, которая не входит в условия задачи.;Эффект фрейминга | Открыто-системное мышление;;B015 §0318 | B015 §0319;"Классическая головоломка; в книге не дан экспериментальный протокол/автор исследования."
E164;Запрос к ИИ через один методологический принцип;exercise;;identified_narrative;"Сформулировать запрос, активирующий центр, отношение, третье, процесс или целостность; наблюдать ответ.";Развивать метаязык и совместное мышление.;Несодержательная методология | Метаязык принципов | Иной разум;Андрей Курпатов;B015 §0736 | B015 §0737 | B015 §0738 | B015 §0739;Самонаблюдение без заранее заданного критерия и контрольного сравнения.
E165;Ритуал как когнитивная технология;exercise;;identified_narrative;На время полностью принять необычную перспективу и исследовать её выводы с ИИ.;Неопределённость становится полем методологического опыта.;Продуктивная неопределённость | Метаязык принципов;Андрей Курпатов;B015 §0836 | B015 §0837 | B015 §0838;"Описание и интерпретация зафиксированы по Курпатову; первичная статья независимо здесь не проверялась."
E166;Запрос, создающий продуктивную неопределённость;exercise;;identified_narrative;Сделать запрос по своей теме, расширяющий пространство возможностей, и наблюдать перемену понимания.;Удерживать альтернативы прежде конкретизации.;Продуктивная неопределённость | Открыто-системное мышление;Андрей Курпатов;B015 §0886 | B015 §0887 | B015 §0888;"Описание и интерпретация зафиксированы по Курпатову; первичная статья независимо здесь не проверялась."
E167;Длящийся итеративный диалог с ИИ;exercise;;identified_narrative;Многократно возвращаться к теме, осознанно проходя фазы диалога и наблюдая новые связи.;Смысл возникает и перестраивается в процессе отношения.;Диалогичность | Принцип процесса | Открыто-системное мышление;Андрей Курпатов | Михаил Бахтин;B015 §1098 | B015 §1099 | B015 §1100 | B015 §1101;"Описание и интерпретация зафиксированы по Курпатову; первичная статья независимо здесь не проверялась."
E168;Семантическое насыщение повторяемого слова;exercise;;identified_narrative;Долго вслух повторять слово до субъективной потери смысла.;Аналогия тому, как рекурсия «я» заслоняет бытие.;Семантическое насыщение | Странная петля | Иллюзорность я;;B012 §1122 | B012 §1123;Связь с экзистенциальным тезисом является метафорическим расширением наблюдаемого эффекта.
E169;Идеальный супруг: взаимно конфликтующие требования;exercise;;identified_narrative;Автор много раз просил мужчин/женщин перечислить идеального партнёра и анализировать совместимость требований.;Показать несостоятельность ожидания одновременно несовместимых качеств.;Нереалистичные ожидания | Межличностные отношения;Андрей Курпатов;B027 §0475 | B027 §0476 | B027 §0477 | B027 §0480 | B027 §0481;"Авторская практика, названная «экспериментом»; нет независимого измеренного результата."
E170;Поведенческий эксперимент в психотерапии;exercise;;identified_narrative;Проверять негативные интерпретации целенаправленным исследованием реальности и повторять новый опыт.;Соединить сознательную переоценку и формирование новых нейронных/поведенческих связей.;Поведенческий эксперимент | Нейропластичность | Когнитивная реструктуризация;Андрей Курпатов;B021 §2511 | B021 §2181;Здесь приведён класс техник, а не отдельный законченный эксперимент.
E171;Экспериментирование с социальной ролью;exercise;;identified_narrative;Пробовать новые роли в безопасной терапевтической среде, затем переносить в реальную жизнь.;Расширять социальный репертуар и преодолевать ригидные способы отношений.;Социальные роли | Поведенческий эксперимент;Андрей Курпатов;B021 §2427;Класс практик, а не отчёт об исследовании.
E172;Барон-Коэн: Салли—Энн;empirical;;identified_narrative;"Куклы меняют место шарика в отсутствие одной; ребёнок отвечает о реальности, памяти и убеждении. Сравниваются типичное развитие, синдром Дауна и аутизм.";"Теория разума отличается от общего интеллекта; автор использует аутизм как модель обсуждения ИИ.";Теория разума | Ложное убеждение | Иной разум;Саймон Барон-Коэн;B016 §1920 | B016 §1921 | B016 §1922 | B016 §1924 | B016 §1928 | B016 §1932 | B016 §1933 | B016 §1935 | B018 §0854 | B018 §0856;"Обобщения автора об аутизме и ИИ не следуют прямо из одного детского теста; способность пройти тест не равна исчерпывающей эмпатии."
E173;Синдром Капгра: близкие как подменённые;case;;identified_narrative;Клиническое описание пациента, узнающего внешность близкого без прежнего чувства подлинности.;Восприятие мира складывается из раздельных сигналов и эмоционального узнавания.;Синдром Капгра | Конструктивность восприятия | Подлинность;;B012 §0041 | B012 §0043 | B012 §0084 | B012 §0085 | B012 §0087 | B016 §1910 | B016 §1911;Метафорическое утверждение «мы все живём с этим синдромом» не является медицинским диагнозом читателя.
E174;Корсаковский пациент в клинике автора;case;;identified_narrative;Пациент после ухода жены спрашивает, кто она была, при сохранных отдельных навыках и речи.;Непрерывность опыта необходима чувству единого я.;Корсаковский синдром | Автобиографическое я | Реконструктивная память;Андрей Курпатов;B012 §0126 | B012 §0138 | B012 §0139;"Единичная клиническая иллюстрация; философская иллюзорность Я — отдельное авторское заключение."
E175;Лемуан и LaMDA: система как ребёнок с душой;case;;identified_narrative;Работник Google приписывает системе душу и страх выключения по её диалогам.;Человеческая теория разума запускается в ответ на языковую имитацию.;Психологический антропоморфизм | Теория разума | Иной разум;Блейк Лемуан;B016 §1813 | B016 §1814 | B016 §1817;"Исторический эпизод в пересказе; дата события, указанная в книге, отдельно не проверена."
E176;Автор и ИИ: портрет человека из векторов;case;;identified_narrative;Курпатов просит модель говорить как коллективная структура текстов, затем проверяет буквальность ответа.;Модель сначала даёт феноменологически убедительный портрет, затем объясняет его символической ролью и вычислением.;Психологический антропоморфизм | Умвельт ИИ | Диалогичность;Андрей Курпатов;B016 §2149 | B016 §2151 | B016 §2153 | B016 §2173 | B016 §2183;Диалог без зафиксированной версии/контрольных условий — демонстрация риторики, не прямой доступ к внутренним состояниям модели.
E177;Остин Рейзен: выращивание шимпанзе в темноте;empirical;;identified_narrative;"Новорожденных шимпанзе выращивают в темноте; автор сообщает слепоту и атрофию зрительных структур через год.";Показывает зависимость развития от внешней стимуляции.;развитие | сенсорная депривация | критические периоды;Остин Рейзен;B010 §00244;"Детали состояния сетчатки и вида животных приведены по книге; первичный протокол и обратимость не проверены."
E178;Обогащенная среда и мозг животных;review;research_family_without_protocol;identified_narrative;"Сравнивают животных в среде с игрушками/сородичами и в изоляции; книга сообщает большую массу мозга и больше связей в первой группе.";Обосновывает разнообразие опыта как фактор развития.;нейропластичность | обогащенная среда | развитие;;B010 §00246;Авторы, вид животных и протокол не названы.
E179;Кюнг Хи Ким: исторический ряд тестов креативности Торренса;observational;historical_secondary_test_series;identified_narrative;"Проанализировано около 300 тысяч тестов детей за пять десятилетий; автор сообщает рост, остановку и последующее падение креативности.";Связывает изменение информационной среды с творческими возможностями детей.;креативность | информационное потребление | развитие;Кюнг Хи Ким | Эллис Пол Торренс;B010 §00477 | B010 §00478 | B010 §00481 | B010 §00483;Ретроспективное сравнение, не эксперимент с назначением детям экранов. Причинную роль потребления автор достраивает.
E180;Телевизионное время детей и последующее образование;observational;longitudinal_correlation;identified_narrative;"Сопоставляют время просмотра телевизора и полученное позднее образование; приведены доли высшего/отсутствующего образования.";Аргумент об издержках информационного потребления.;информационное потребление | образование;;B010 §00488 | B010 §00489 | B010 §00490;"Сам автор признает возможные семейные различия. Исследователи не названы; корреляция не доказывает причинность."
E181;Хюнг Сук Сер: нейромедиаторы при зависимости от гаджетов;review;study_without_full_protocol;identified_narrative;"Упомянута корейская исследовательская группа 2017; книга описывает сопоставление биохимии мозга зависимых от гаджетов и наркотиков.";Называет цифровую зависимость болезнью и сближает ее с наркоманией.;цифровая зависимость | нейромедиаторы | тревожность;Хюнг Сук Сер;B010 §00497 | B010 §00498;"Процедура и выборка отсутствуют; идентичность гаджетозависимости наркомании — формулировка автора, нуждающаяся в сверке."
E182;Освобожденная собака кусает метроном;case;anecdote_or_thought_variant;identified_narrative;"В Счастливом ребенке рассказано, что ученик Лоренца освобождает павловскую собаку, после чего она бросается к метроному; Быть эгоистом предлагает представить такую сцену.";Показывает отличие наблюдаемой реакции в станке от целого поведения и опытного значения сигнала.;психологический опыт | контекст | условный рефлекс;Иван Павлов | Конрад Лоренц;B010 §00522 | B010 §00526 | B010 §00529 | B046 §00227;Историческая достоверность сюжета в книгах не подтверждена первичной ссылкой. Вариант B046 — воображаемый, B010 — рассказанный как произошедший.
E183;Пиаже: пластилиновый шар и колбаска;empirical;;identified_narrative;"Ребенок признает равный объем двух шаров; один раскатывают в колбаску, и ребенок считает, что там пластилина больше; обратное преобразование возвращает равенство.";Поясняет развитие понятий и независимости признаков.;сохранение количества | житейские понятия | стадии развития;Жан Пиаже | Лев Выготский;B010 §00663 | B010 §00664 | B010 §00665 | B010 §00669;"Классическая исследовательская задача; книга не дает выборки и конкретного первичного опыта."
E184;Шульман и Рейчел: деактивация сети при заданиях;review;research_family;identified_narrative;"В нейровизуализации сравнивают выполнение интеллектуальной задачи и отсутствие целевой работы; описано уменьшение активности некоторых областей.";Вводит дефолт-систему и объяснение фоновой социальной мысли.;дефолт-система | функциональные сети | социальное мышление;Гордон Шульман | Маркус Рейчел;B010 §00813 | B010 §00816 | B010 §00817;Тезис книги «мозг снижает активность» может быть ошибочно прочитан как глобальное выключение. Нужно различать конкретную сеть и всю активность мозга.
E185;Ofcom 2015: дети распознают рекламу в Google;observational;structured_cross_sectional_test;identified_narrative;"Детям показывают поисковую выдачу, отмеченные Ad строки и три ответа — релевантные, популярные, реклама; книга сообщает частые ошибки.";Аргумент о невнимательном и некритическом восприятии цифровой информации.;критическое мышление | информационное потребление | реклама;Ofcom;B010 §00836 | B010 §00837 | B010 §00838 | B010 §00839;"Структурированное обследование/тест; не доказывает, что именно цифровые устройства вызвали снижение способности."
E186;Стивенс и Пёрлсен: нейровизуальные подтипы СДВГ;review;study_without_full_protocol;identified_narrative;"Статья 2017 с нейровизуализационным выделением нескольких паттернов мозга при СДВГ; полный протокол в книге не изложен.";Используется для перехода от симптомов к функционированию сетей мозга.;СДВГ | функциональные сети | развитие;Майкл Стивенс | Годфри Пёрлсен;B010 §00845 | B010 §00846;Исследование нельзя автоматически использовать для утверждения, что гаджеты вызывают СДВГ.
E187;Селигман: управляемые и неуправляемые удары тока / беспомощность;empirical;;same_narrative;Кратко повторены опыты с неуправляемыми ударами тока и прекращением сопротивления.;Автор снова объясняет защитную функцию беспомощности и устойчивость депрессии. / Выученная беспомощность объясняется торможением после тревоги и как способ сохранять силы.;выученная беспомощность | депрессия | Выученная беспомощность | Торможение | Депрессия;Мартин Селигман | Иван Сеченов;B010 §01007 | B010 §01008 | B022 PDF p.53 | B022 PDF p.54 | B022 PDF p.58;"Повтор раннего пересказа; адаптивная трактовка пассивности относится к автору. Авторский рассказ отличается от простой стандартной трактовки: B022 p.54 допускает выживание пассивной группы и гибель активно борющейся. Проверять по первоисточнику; не считать бездействие терапией."
E188;Положительное настроение и задача четырехлетних детей;empirical;;identified_narrative;"Одна группа перед задачей на формы думает о приятном и улыбается, другая не получает такой подготовки; первая справляется успешнее.";Показывает связь положительных эмоций и успешного действия.;положительные эмоции | восходящая спираль | обучение;Мартин Селигман;B010 §01081;Селигман представлен рассказчиком/источником иллюстрации, но не обязательно руководителем самого опыта.
E189;Конфеты и диагностическая задача врачей;empirical;;identified_narrative;"Врачей делят на получающих конфеты и читающих вдохновляющие высказывания о медицине; сравнивают диагностику сложной болезни печени.";Иллюстрирует пользу положительного настроя.;положительные эмоции | продуктивность | решение задач;Мартин Селигман;B010 §01082 | B010 §01083 | B010 §01084;"Источник иллюстрации Селигман; фамилии фактических исследователей в этом эпизоде не названы."
E190;Обезьяны выбирают вид из окна вместо еды;empirical;;identified_narrative;"В качестве подкрепления животным предлагают пищу либо возможность смотреть в окно; книга сообщает выбор наблюдения.";Аргумент об интересе и познавательной потребности.;интерес | познавательная потребность | подкрепление;;B010 §01206;Авторы, процедура и контроль насыщения в книге не указаны.
E191;Бандура: самоэффективность при артрите;review;intervention_study_without_full_protocol;identified_narrative;"Пациентам повышают чувство самоэффективности в отношении лечения; книга сообщает уменьшение боли/воспаления по сравнению с другими пациентами.";Обосновывает влияние веры в собственную эффективность на результат действия.;самоэффективность | боль | действие;Альберт Бандура;B010 §01276;В тексте имя «Альфред Бандура», что может быть редакционной ошибкой. Медицинская эффективность и конкретный протокол не удостоверены.
E192;Четыре попытки ребенка установить контакт;review;unspecified_research_claim;identified_narrative;Книга утверждает, что после не более четырех безуспешных попыток позитивного контакта ребенок теряет интерес к общению.;Объясняет цену эмоционального безразличия взрослого.;эмоциональный контакт | подкрепление | привязанность;;B010 §01376;Фиксированный предел четыре — категорическое утверждение без авторов, выборки и протокола. Это зарегистрированная ссылка на исследования, а не проверенный закон.
E193;Риццолатти: захват ореха и зеркальные нейроны;empirical;;identified_narrative;"Электрод регистрирует нейрон моторной коры макаки при хватании ореха; тот же нейрон активен при наблюдении хватания исследователем.";Объясняет социальное моделирование чужого действия и эмоций.;зеркальные нейроны | подражание | эмпатия;Джакомо Риццолатти;B010 §01389 | B010 §01390 | B010 §01392;"Художественный рассказ открытия и расширение от моторного нейрона к эмпатии; объем обобщения следует отдельно проверять."
E194;Маша и Света: перенесённая кукла и ложное убеждение;empirical;research_paradigm_illustration;same_narrative;"Света уходит, Маша переносит куклу; спрашивают, где Света будет искать. Воображаемая аутичная Маша отвечает из своего знания, не из знания Светы.";"Вводит субъективную реальность другого и модель психического. / Противопоставляет собственное знание модели чужой субъективной реальности; вводит метамышление.";модель психического | субъективная реальность | Другой | Модель другого | Социальный интеллект;;B010 §01409 | B010 §01410 | B010 §01413 | B007 PDF p.123;"Исследовательская парадигма изложена через вымышленный клинический пример. Не обобщать ответ Маши на всех людей с аутизмом. Реконструкция использования в книге; первичное исследование здесь не проверено. Из результата не следует автоматически валидность авторского обобщения или бизнес-переноса."
E195;Шимпанзе вводит похитителя бананов в заблуждение;review;underspecified_experimental_scenario;identified_narrative;Книга предлагает ситуацию: служащий похищает бананы другого животного, наблюдающий шимпанзе мешает ему и радуется его неудаче.;Иллюстрирует социальное понимание и прототип справедливости.;социальное научение | обман | социальная справедливость;;B010 §01417;"Формулировка условная «если вы проведете эксперимент». Не указано, было ли это конкретное исследование; статус иллюстрации неопределен."
E196;Подростки: число онлайн-друзей, кортизол и депрессия;observational;cross_sectional_association;identified_narrative;"У подростков 12–17 лет измеряют кортизол и психологические показатели; описана связь количества друзей и гормона стресса.";Аргумент о том, что цифровое общение не равно живому контакту и может быть стрессовым.;социальные сети | стресс | цифровая зависимость;;B010 §01426;"Корреляционные результаты и число 37% изложены без полной ссылки; причинность и единица риска не устанавливаются пересказом."
E197;Brain Drain: местонахождение смартфона и когнитивные тесты;empirical;;identified_narrative;Более 500 студентов: телефон в другой комнате, в кармане/сумке либо на столе экраном вниз. Пользоваться нельзя. Сравнивают рабочую память и подвижный интеллект.;Обосновывает влияние простого присутствия телефона на доступный ресурс мышления. / Даже присутствие телефона отнимает когнитивный ресурс. / Окружение расходует ресурс внимания даже без явного использования телефона.;когнитивный ресурс | рабочая память | подвижный интеллект | цифровая зависимость | Внимание | Рабочая память | Цифровая среда | Когнитивная нагрузка;Адриан Уорд | Маартен Бос;B010 §01447 | B010 §01449 | B010 §01450 | B010 §01452 | B010 §01454 | B010 §01457 | B007 PDF p.90 | B024 §01660;"Один дизайн и набор задач не доказывают универсальную формулу автора «мозг сразу тупеет»; требуется учитывать воспроизводимость и размеры эффекта. Реконструкция использования в книге; первичное исследование здесь не проверено. Из результата не следует автоматически валидность авторского обобщения или бизнес-переноса. Пересказ в книге; первичная научная публикация для этой записи отдельно не проверена."
E198;Дети в учреждениях и приемных семьях: длительное наблюдение;empirical;longitudinal_assignment_unspecified_in_book;identified_narrative;"Книга сообщает наблюдение 136 детей на протяжении 12 лет, половина в приемных семьях и половина в учреждениях; сравнивается здоровье/белое вещество.";Обосновывает роль раннего контакта и заботы в развитии мозга.;привязанность | развитие | нейропластичность | эмоциональный контакт;;B010 §01814 | B010 §01815 | B010 §01816;"Наблюдение описано без названия исследования; статус рандомизации нельзя восстановить только из этого текста. Авторский переход к генам не равен доказательству механизма."
E199;Майкл Мини: материнская забота и стресс у крыс;empirical;;identified_narrative;"Крысят лишают материнской заботы и сравнивают с заботливо выращенными; описаны поведенческие различия и изменения регуляции генов чувствительности к стрессу.";Связывает социальную заботу с эпигенетической регуляцией и адаптацией.;эпигенетика | стресс | привязанность | развитие;Майкл Мини;B010 §01820 | B010 §01821 | B010 §01823 | B010 §01824;"Способ манипуляции и перенос к человеку даны по книге; требуется первичная проверка. Различать последовательность ДНК и регуляцию экспрессии."
E200;Кузнецов: герметизация и одиночество будущих космонавтов;review;research_family_without_full_protocol;identified_narrative;Человека изолируют в исследовательском отсеке на неделю/месяц и наблюдают поведение.;Отличает фактическое одиночество от социального чувства одиночества среди людей.;сенсорная и социальная изоляция | социальное одиночество;Олег Кузнецов;B013 §00038 | B013 §00039 | B005 PDF p.238;Серия опытов без выборки и конкретной публикации.
E201;Шимпанзе: хороший и плохой экспериментатор с ящиками;empirical;;identified_narrative;Обезьяна знает ящик с бананом. Один человек делится, другой забирает все. Семь обезьян молчат перед вторым, одна указывает ложный ящик.;Обосновывает эгоистическую мотивацию и способность к обману.;эгоизм | обман | социальное мышление;;B046 §00047 | B046 §00048 | B046 §00051 | B046 §00052;Исследователи не названы. Переход от одного успешного обмана к сущности человеческого разума — авторская интерпретация.
E202;Транквилизатор и нечестная самооценка экзамена;empirical;;identified_narrative;"Студенты получают анксиолитик, плацебо либо ничего; после теста им позволяют самим сверить ответы. Предварительно скрыто копируют бланки. Книга сообщает 74% подтасовок против не более 37%.";Автор утверждает, что нравственность регулируется страхом.;страх | нравственность | эгоизм | самооправдание;Иммануил Кант;B046 §00083 | B046 §00088 | B046 §00090 | B046 §00091 | B046 §00094;Исследователи и препарат в эпизоде не названы. Иммануил Кант — философский оппонент интерпретации, не автор опыта. Даже описанный эффект не доказывает единственную основу всей нравственности.
E203;Дернер: критический период тестостерона у крысят;empirical;;identified_narrative;"Самцов кастрируют при рождении. Одна группа получает небольшую дозу тестостерона на третий день; обе группы получают тестостерон взрослыми. Автор сообщает разные формы полового поведения.";Обосновывает критические периоды формирования сексуальности.;критические периоды | сексуальность | гормональное влияние;Дернер;B026 PDF p.91 | B026 PDF p.92 | B026 PDF p.93;Книга сама предупреждает о непрямом переносе к человеку, но далее усиливает вывод. Животная поза спаривания не устанавливает этиологию человеческой ориентации.
E204;Белл, Уайнберг и Хаммерсмит: сексуальные предпочтения и семья;observational;retrospective_survey;identified_narrative;Респондентские сведения о детстве, чувствах и сексуальном опыте используются для проверки психоаналитических объяснений ориентации.;Критикует психоаналитические модели и обосновывает сексуальную фиксацию.;сексуальная фиксация | критика психоанализа;Алан Белл | Мартин Уайнберг | Сью Хаммерсмит | Зигмунд Фрейд;B026 PDF p.99 | B026 PDF p.100;"Ретроспективное исследование, не контролируемое изменение ориентации; из пересказа не восстанавливаются точный дизайн и выборка."
E205;Предпочтение маскулинных лиц и фаза цикла;review;research_family_without_full_protocol;identified_narrative;Книга сообщает о серии опытов с оценками привлекательности мужчин в разные фазы менструального цикла.;Аргумент о зависимости привлекательности от состояния воспринимающей женщины.;гормональное влияние | восприятие | сексуальность;;B026 PDF p.103;"Без исследователей и протокола; актуальная воспроизводимость не проверена."
E206;Ухтомский: кастрация лошади до/после полового опыта;observational;observation_without_full_protocol;same_narrative;Автор сравнивает интерес к кобылам у коней, кастрированных до первого полового опыта и после него.;Объясняет сохранение сексуальной доминанты после изменения гормонального состояния. / Приобретённая корковая привычка может сохранять желание без прежней физиологической основы.;доминанта | сексуальная фиксация | опыт | Динамический стереотип | Принцип доминанты | Скрытая мотивация;Алексей Ухтомский;B026 PDF p.118 | B014 PDF p.110 | B014 PDF p.111;Этологическая/клиническая иллюстрация без названного контролируемого дизайна. Текст прямо говорит, что Ухтомский не ставил опытов на конях, а наблюдал поведение.
E207;Прогестерон и половое поведение животных;review;research_family_without_protocol;identified_narrative;"Упомянуты многочисленные опыты, где прогестерон подавлял половую активность; затем приводится аналогия для женщин.";Поддерживает гормональную модель сексуальности.;гормональное влияние | сексуальность;;B026 PDF p.129;"Не описан конкретный опыт; перенос к человеку требует отдельных данных."
E208;Мастерс и Джонсон: длительная стимуляция и оргазм;empirical;;identified_narrative;Книга сообщает достижение оргазма у ранее аноргазмичных женщин после 40–45 минут непрерывной стимуляции.;Аргумент об обучаемости оргастического навыка и роли опыта.;оргастический навык | опыт | сексуальность;Уильям Мастерс | Вирджиния Джонсон;B026 PDF p.368;"Выборка и конкретная публикация не приведены; медицинские/сексуальные рекомендации из данного анализа не следуют."
E209;Чувственная фокусировка партнеров;exercise;;identified_narrative;Партнерам предлагают этапы внимания к реакции другого и собственным приятным ощущениям.;Снижает напряжение результата и развивает восприятие.;внимание | опыт | сексуальность;Уильям Мастерс | Вирджиния Джонсон;B026 PDF p.364 | B026 PDF p.365;Терапевтическая практика в книге, не отдельный контролируемый эксперимент.
E210;Мария меняет способ общения с мужем;case;;identified_narrative;Пациентка пробует обращать внимание на мужа с интересом и удивлением вместо привычного давления.;Автор ищет способ изменить застопорившееся взаимодействие через изменение собственного поведения.;динамический стереотип | инициатива | взаимодействие;;B020 §01057;"Консультационная поведенческая проба, повторяющая сюжет B029 p00774; не научный опыт."
E211;Лучшие моменты дня и страна снов;exercise;;identified_narrative;Перед сном ребенку предлагают вспоминать приятные события и выбирать приятный сон.;Формирует позитивное объяснение опыта и эмоциональный фон.;положительные эмоции | восходящая спираль;Мартин Селигман;B010 §01057;"Практика позитивной психологии по книге; не отдельное описанное исследование."
E212;Бесконечная гостиница и конечная экономика;thought;;identified_narrative;"Постояльцев заполненной бесконечной гостиницы переселяют, освобождая место новым; автор противопоставляет математическую бесконечность ограниченным фактам экономики.";Критикует бесконечное мультиплицирование доверия и представление о бесконечном будущем.;бесконечность | капитал 2.0 | карта и территория | доверие;Георг Кантор | Бертран Рассел | Людвиг Витгенштейн;B005 PDF p.291 | B005 PDF p.292;"Книга относит гостиничный сюжет к Кантору; точная историческая атрибуция требует проверки. Финансовое следствие является метафорической интерпретацией, а не математическим доказательством кризиса."
E213;Дарвин: сравнение мимики животных и человека;observational;;identified_narrative;Сопоставляется мимика обезьян и людей.;Биологические основы невербального сообщения.;Невербальная коммуникация | Эмоциональное выражение;Чарльз Дарвин;B001 PDF p.7;"Обзор исследовательского результата; в тексте нет полного дизайна."
E214;Хартман: толщина психологических границ;review;;identified_narrative;Измерение тонких/толстых психологических границ связано с чувствительностью, снами, отношениями и опытом.;Типологический язык для понимания собеседника и себя.;Психологические границы | Индивидуальные различия;Эрнест Хартман;B001 PDF p.28;Характеристики — пересказ группы исследований, а не доказательства единого неизменного типа человека.
E215;Павлов: художники и мыслители;review;;identified_narrative;Описывается типологическое различие эмоционально-образного и рассудочного мышления.;Различия между способами мысли человека.;Первая и вторая сигнальные системы | Типология мышления;Иван Павлов;B001 PDF p.31;Конкретный эксперимент здесь не описан.
E216;Харрисон—Брэмсон: пять стилей мышления;review;;identified_narrative;Из многочисленных исследований выводятся синтетический, идеалистический, прагматический, аналитический, реалистический стили.;Понять рабочие способы мысли и взаимодействия.;Стили мышления | Индивидуальные различия;Аллен Харрисон | Роберт Брэмсон;B001 PDF p.66;Представлена типология, не изолированный эксперимент.
E217;Маслоу: самоактуализированные личности;observational;;identified_narrative;Личное и историко-биографическое изучение выбранных знаменитостей.;Противопоставление самоактуализации манипулированию.;Самоактуализация | Целостность личности;Абрахам Маслоу;B001 PDF p.91;Нерепрезентативный биографический отбор не даёт причинного экспериментального вывода.
E218;Роттер: локус контроля;review;;identified_narrative;Сопоставляются интернальные/экстернальные способы приписывания причин и их жизненные результаты.;Развитие ответственности за действия и оценка партнёров.;Локус контроля | Субъективная ответственность;Джулиан Роттер;B001 PDF p.91 | B001 PDF p.94 | B014 PDF p.199;"Авторская типологизация и обобщения о благополучии; причинность и индивидуальные прогнозы не установлены."
E219;Оллпорт: качества человека, понимающего других;review;;identified_narrative;Обобщён ряд исследований оценки людей: жизненный опыт, сходство, сложность, отстранённость.;Профессиональная и житейская способность понимать человека.;Межличностное понимание | Непредвзятость;Гордон Оллпорт;B001 PDF p.120 | B001 PDF p.122;"Конкретные протоколы не описаны; не принимать общие корреляции за обязательные свойства консультанта."
E220;Зеркальное заражение закрытой позой;exercise;;identified_narrative;"Войти в компанию, скрестить руки/ноги, спрятать ладони; наблюдать напряжение и сходную позу собеседников.";Проверить влияние невербальной коммуникации на контакт.;Невербальная коммуникация | Эмоциональное заражение;Андрей Курпатов;B001 PDF p.14;"Бытовое упражнение, названное экспериментом; контроль посторонних причин только оговорён автором."
E221;Поза всадника на стуле и внутреннее переживание;exercise;;identified_narrative;Сесть верхом на стул, опереться на спинку и отследить ощущения защиты/доминирования.;Интерпретировать позу через её субъективное переживание.;Телесное переживание | Невербальная коммуникация;Андрей Курпатов;B001 PDF p.26;"Изложение по OCR физической страницы; первичный источник независимо не проверен."
E222;Руки за голову, нога на ногу;exercise;;identified_narrative;Принять позу в кресле и отслеживать предполагаемое чувство превосходства.;Связать позу и коммуникативное состояние.;Телесное переживание | Социальное доминирование;Андрей Курпатов;B001 PDF p.26;Результат субъективного упражнения не является универсальным декодером позы.
E223;Смена положения собеседника через расположение и стул;exercise;;identified_narrative;Зайти за спину сидящему верхом либо предложить кресло с подлокотниками, меняя его позицию.;Управлять невербальной динамикой контакта.;Невербальная коммуникация | Коммуникативная инициатива;Андрей Курпатов;B001 PDF p.27;"Изложение по OCR физической страницы; первичный источник независимо не проверен."
E224;Одинаковая реплика в разных социальных отношениях;thought;;identified_narrative;Представить собственное отношение к одинаковой реплике родителей, ребёнка, супруги, друга, сотрудника.;Личностное поведение зависит от роли и контекста отношений.;Социальные роли | Ситуация | Межличностное понимание;Андрей Курпатов;B001 PDF p.82;"Изложение по OCR физической страницы; первичный источник независимо не проверен."
E225;Опросник стилей мышления;exercise;;identified_narrative;"18 позиций с ранжированием пяти ответов; суммы по пяти шкалам.";Определять предпочтительный стиль мысли и его комбинации.;Стили мышления | Самоотчёт;Аллен Харрисон | Роберт Брэмсон;B001 PDF p.73;Анкета самооценки, не эксперимент и не самостоятельная проверка прогноза.
E226;Опросник чувств к партнёру;exercise;;identified_narrative;45 утверждений о партнёре оцениваются от 1 до 9.;Расчленить любовное отношение на его психологические элементы.;Любовь | Самоотчёт | Межличностные отношения;;B001 PDF p.117 | B001 PDF p.118;Опросник, а не исследование его валидности.
E227;Смена привычного маршрута;exercise;;identified_narrative;Автор цитирует движение «туда» по обычной обратной дороге, вызвавшее беспокойство.;Незначительное нарушение привычки порождает отрицательное переживание.;Динамический стереотип | Негативные эмоции;;B014 PDF p.43;"Самонаблюдение в цитате; субъект и контроль конкретного опыта здесь не определены."
E228;Кошка: пищевой звук в состоянии полового возбуждения;observational;;identified_narrative;Изолированная в течке кошка реагирует половым возбуждением на привычные звуки посуды.;Раздражитель получает функцию господствующей потребности.;Принцип доминанты | Конкуренция потребностей;Алексей Ухтомский;B014 PDF p.60;"Обобщённый наблюдательный эпизод; протокол не дан."
E229;Выготский: знак и значение;review;;identified_narrative;Обобщён ряд опытов, из которых автор выводит разделение сознательного слова и подсознательного значения.;Модель несовпадения мысли, слова и мотивации.;Знак и значение | Корково-подкорковые отношения | Первая и вторая сигнальные системы;Лев Выготский;B014 PDF p.80 | B014 PDF p.81;"Здесь нет отдельных протоколов; предлагаемая физиологическая локализация — авторская трактовка."
E230;Футболисты: объяснение побед и поражений;observational;;identified_narrative;Изучаются высказывания прессы о чемпионате: победители хвалят свои качества, проигравшие ссылаются на неудачу.;Сознание подбирает удобное самооправдание.;Самообслуживающая атрибуция | Рационализация | Иллюзия сознательного контроля;;B014 PDF p.252;"Не названы авторы и выборка; есть лишь общий результат контент-анализа."
E231;Анохин: психический, мышечный и соматический компоненты эмоции;review;;identified_narrative;Обобщён исследовательский вывод о трёх компонентах эмоции.;Эмоциональный сигнал и психологическое состояние неотделимы от тела.;Эмоции | Телесное переживание | Корково-подкорковые отношения;Пётр Анохин;B014 PDF p.148;Конкретный эксперимент не описан.
E232;Старшина МВД: смена работы и тревога;case;;identified_narrative;После перехода от спокойных функций к дежурствам/оцеплениям развивается тревога, бессонница и потеря веса.;Патологическое напряжение может возникать при изменении привычного способа жизни.;Динамический стереотип | Нервно-психическое напряжение;Андрей Курпатов;B014 PDF p.45;"Изложение по OCR физической страницы; первичный источник независимо не проверен."
E233;Повторяющийся выбор похожих партнёров;case;;identified_narrative;В альбоме пациента автор узнаёт прежний объект влюблённости по сходству с нынешними партнёрами.;Раннее положительное подкрепление закрепляет поздние любовные предпочтения.;Динамический стереотип | Любовь | Скрытая мотивация;Андрей Курпатов;B014 PDF p.103;"Клиническая интерпретация единичного случая; альтернативные объяснения не проверены."
E234;Надя: семейная травма и последующее расстройство;case;;identified_narrative;Клиническая реконструкция ранней реакции на развод и поздней сильной привязанности.;Семейное событие вписывается в сценарий отношений и переживаний.;Детский опыт | Привязанность | Психологическая травма;Андрей Курпатов;B017 PDF p.44 | B017 PDF p.48;Иллюстрация, не контролируемое доказательство причинности.
E235;Антон: ребёнок в конфликте родителей;case;;identified_narrative;Ребёнок вовлекается в оценку отношений родителей и связывает собственное положение с их конфликтом.;Детские стратегии любви и правоты формируют устойчивые комплексы.;Детский опыт | Семейная динамика;Андрей Курпатов;B017 PDF p.79;"Изложение по OCR физической страницы; первичный источник независимо не проверен."
E236;Таня и Сергей: несовпадение усвоенных сценариев;case;;identified_narrative;В отношениях взрослых конфликтуют личные сценарии и невротическая потребность в любви.;Человек предъявляет партнёру требования, возникшие в прежней семье.;Детский опыт | Потребность в любви | Динамический стереотип;Андрей Курпатов;B017 PDF p.95;"Изложение по OCR физической страницы; первичный источник независимо не проверен."
E237;Выготский: кризис трёх лет;review;;identified_narrative;Описывается возрастное «нет» как осознание самостоятельного присутствия ребёнка.;Возникновение Я и конфликт с родительской волей.;Кризис трёх лет | Социальное я | Субъективность;Лев Выготский;B017 PDF p.160;В этой книге описан феномен, не отдельный протокол.
E238;Лика: неблагополучие в родительских отношениях;case;;identified_narrative;Клинический случай молодой женщины в кризисе.;Родительская установка может поддерживать саморазрушительное отношение к себе.;Детский опыт | Потребность в любви | Психологический кризис;Андрей Курпатов;B017 PDF p.177;"Клинический рассказ; не вмешательство, проверенное в рандомизированном дизайне."
E239;Адлер: выдуманное кладбище в детском воспоминании;case;;identified_narrative;Адлер вспоминает преодоление страха по дороге в школу, но позже обнаруживает, что кладбища там не было.;Память создаёт образ личной победы и самообъяснения.;Реконструктивная память | Компенсация | Автобиографическое я;Альфред Адлер;B017 PDF p.206;Исторический анекдот в пересказе.
E240;Артём: условная отцовская любовь;case;;identified_narrative;Брак родителей и требования отца формируют борьбу ребёнка за признание.;Отцовскую любовь можно переживать как условие достижений, а не безусловную поддержку.;Детский опыт | Условная любовь | Самооценка;Андрей Курпатов | Эрих Фромм;B017 PDF p.219;"Изложение по OCR физической страницы; первичный источник независимо не проверен."
E241;Тамара: зависимость от матери и кризис после утраты;case;;identified_narrative;"У женщины развивается депрессия после смерти матери; реконструируется длительное вмешательство матери в самостоятельность и отношения.";Родительская опека может закрепить зависимость и препятствовать взрослой жизни.;Детский опыт | Зависимость | Депрессия;Андрей Курпатов;B017 PDF p.230 | B017 PDF p.233;"Изложение по OCR физической страницы; первичный источник независимо не проверен."
E242;Измена: сопоставление мужского и женского значения;exercise;;identified_narrative;Опросить представителей полов о переживании измены.;Автор иллюстрирует разное смысловое и психологическое устройство отношений.;Гендерные роли | Любовь | Социальный смысл;Андрей Курпатов;B019 PDF p.18;"Упражнение и типологическое обобщение; нет измеренного контролируемого результата."
E243;Представить человека, которому можно довериться;thought;;identified_narrative;Предлагается мужчинам и женщинам представить полное доверие другому.;У автора служит иллюстрацией разных отношений к зависимости/близости.;Гендерные роли | Доверие | Психологическая близость;Андрей Курпатов;B019 PDF p.19 | B019 PDF p.20;Предполагаемые реакции привязаны к авторской половой типологии, не к экспериментальной проверке.
E244;Орех и персик: телесная аналогия полов;exercise;;identified_narrative;Надавить орехом на персик, затем рассмотреть деформацию мягкой поверхности.;Авторская метафора адаптивности и взаимного влияния полов.;Гендерные роли | Адаптация;Андрей Курпатов;B019 PDF p.62 | B019 PDF p.63;Метафорическая демонстрация. Физическая деформация плода не является эмпирическим доказательством психологического различия полов.
E245;Райх: оргонные аккумуляторы;review;;identified_narrative;Излагаются попытки работать с предполагаемой оргонной энергией, приборами и оргазмом.;Автор благожелательно обсуждает сексуальную освобождённость и телесную энергию.;Оргон | Сексуальность | Телесная психотерапия;Вильгельм Райх;B019 PDF p.95 | B019 PDF p.96;"Нужна критическая маркировка: рассказ не содержит надёжного испытательного дизайна; отсутствие опровержения не доказывает существование энергии. Утверждение об одобрении Эйнштейна в этой работе не проверено."
E246;Элерт: взаимодействие агрессии, страха и сексуальности цихлид;empirical;;identified_narrative;Поведение цихлид используется для распознавания пола через разные сочетания агрессии/страха/сексуальности.;Автор строит биологическую модель половых различий.;Половые различия | Инстинкты | Сексуальность;Беатриса Элерт | Конрад Лоренц;B019 PDF p.170 | B019 PDF p.171;Перенос от рыб к психологическим отношениям людей — широкая авторская аналогия, не результат опыта на людях.
E247;Эротические фильмы с разной рамкой и последующая агрессия;empirical;;identified_narrative;"Мужчины смотрят фильм о сексуальном насилии с рамкой удовольствия либо страдания женщины; потом измеряется возможность агрессии к женщине.";Включено в авторский разговор о сочетании сексуальности и агрессии.;Агрессия | Эффект фрейминга | Сексуальность;;B019 PDF p.174 | B019 PDF p.175;Авторы, университет, процедура измерения и выборка не названы. Выводы о желаниях каждого мужчины/женщины не следуют из этого опыта.
E248;Качество жизни и распространённость депрессии;review;;identified_narrative;Утверждается отсутствие зависимости частоты депрессии от объективного качества жизни.;Психическое состояние нельзя объяснить одними внешними удобствами.;Депрессия | Субъективное восприятие;;B022 PDF p.16;"В данном пересказе нет источника, дизайна и контролируемых факторов; не универсальный эпидемиологический закон."
E249;Скрининг депрессивных расстройств;exercise;;identified_narrative;Самоотчёт: выбрать согласие с утверждениями о текущем состоянии, затем подсчитать показатели.;Помочь читателю заметить симптомы, которые он не связывал с депрессией.;Депрессия | Самоотчёт | Скрининг;;B022 PDF p.78;"Самотест не равен клиническому диагнозу; в этой подзадаче не проверена заявленная валидность."
E250;Клиническая утрата и распад жизненного сценария;case;;identified_narrative;Описывается женщина-бухгалтер после тяжёлой утраты.;Горе переживается как разрушение множества привычных жизненных стереотипов.;Динамический стереотип | Горе | Депрессия;Андрей Курпатов;B022 PDF p.47;"Изложение по OCR физической страницы; первичный источник независимо не проверен."
E251;Швея: подавленность, еда и самообвинение;case;;identified_narrative;В клиническом расспросе выявляются ранее неузнанные симптомы депрессии, бытовое пищевое самоподкрепление и вина.;За жалобой и самоописанием находятся физиологические и психологические механизмы.;Депрессия | Самообвинение | Телесное переживание;Андрей Курпатов;B022 PDF p.112 | B022 PDF p.113;"Изложение по OCR физической страницы; первичный источник независимо не проверен."
E252;Страх ребёнка и вина из прошлой жизни;case;;identified_narrative;В процессе анализа тревожного состояния женщины выявляется морально-сексуальное самообвинение.;Содержание тревоги может выражать скрытую вину, а не реальный предмет страха.;Психологические защиты | Вина | Тревога;Андрей Курпатов;B022 PDF p.218;"Изложение по OCR физической страницы; первичный источник независимо не проверен."
E253;Антидепрессивный эффект препаратов, применённых для других болезней;observational;;identified_narrative;Исторический рассказ об обнаружении антидепрессивных эффектов при ином первоначальном назначении лекарства.;Депрессия имеет нейрохимическую основу, доступную фармакологии.;Нейрохимия | Депрессия;;B022 PDF p.232 | B022 PDF p.233;"Историческая отсылка; не схема применения препаратов и не проверка текущих клинических рекомендаций."
E254;Разделённые полушария и различные психические функции;review;;identified_narrative;Обзор тестирования людей после нейрохирургической операции, нарушившей связь полушарий.;В ранней модели правое полушарие воспринимает/переживает, левое анализирует/действует.;Расщеплённый мозг | Функциональная асимметрия;;B023 PDF p.17;Фиксированная «эмоциональная/рациональная» дихотомия здесь проще поздней B021 §0552–0556 модели новизны и привычности.
E255;Виктор: мысленная реконструкция переживаний девушки;exercise;;identified_narrative;Терапевт помогает представить ситуацию и взгляд другой стороны отношений.;Перейти от идеализированной сказки к действительному человеку.;Децентрация | Межличностное понимание | Иллюзии;Андрей Курпатов;B023 PDF p.100;"Изложение по OCR физической страницы; первичный источник независимо не проверен."
E256;Катя: невозможность отказаться от болезненной цели;case;;identified_narrative;Клинический случай опасного ограничения веса и страха лечения.;Иллюзорная цель способна подчинить интересы собственной жизни.;Иллюзия счастья | Доминанта | Психологическая зависимость;Андрей Курпатов;B023 PDF p.74;"Клиническая иллюстрация; медицинская оценка и лечение вне этого реестра."
E257;Виктор: сказочный идеал женщины;case;;identified_narrative;Реконструируется привычный идеал из сказки о Царевне Лебедь, мешающий отношениям.;Внутренний образ партнёра замещает человека.;Иллюзия любви | Динамический стереотип | Межличностное понимание;Андрей Курпатов;B023 PDF p.102;"Изложение по OCR физической страницы; первичный источник независимо не проверен."
E258;Семён: азартное подкрепление и последующие потери;case;;identified_narrative;Первый выигрыш создаёт устойчивую эмоциональную программу, повторяемую несмотря на проигрыши.;Положительное подкрепление становится зависимостью и рационализируется.;Условный рефлекс | Динамический стереотип | Зависимость;Андрей Курпатов | Иван Павлов;B023 PDF p.112;"Изложение по OCR физической страницы; первичный источник независимо не проверен."
E259;Яна: отказ от романтической иллюзии;case;;identified_narrative;После переоценки требований женщина находит благополучие в отношениях, ранее считавшихся непривлекательными.;Иллюзия предписанного счастья препятствует доступному удовлетворению.;Иллюзия счастья | Нереалистичные ожидания | Межличностные отношения;Андрей Курпатов;B023 PDF p.128;"Изложение по OCR физической страницы; первичный источник независимо не проверен."
E260;Ольга: материнская зависимость и депрессия;case;;identified_narrative;Фиксация на дочери поддерживает эмоциональное неблагополучие и неразрешимые требования.;Необходимость изменить образ Другого и собственные ожидания.;Депрессия | Социальная зависимость | Нереалистичные ожидания;Андрей Курпатов;B023 PDF p.221;"Изложение по OCR физической страницы; первичный источник независимо не проверен."
E261;Горизонт планирования российских респондентов;observational;survey;identified_narrative;"Авторское исследование до пандемии; в книге сообщается средний горизонт менее двух лет; дизайн и выборка не раскрыты.";Показывает потерю образа будущего.;Будущее | Цифровая среда | Горизонт планирования;;B006 PDF p.11;"Реконструкция использования в книге; первичное исследование здесь не проверено. Из результата не следует автоматически валидность авторского обобщения или бизнес-переноса."
E262;Soft skills и профессиональная успешность;observational;survey;identified_narrative;Пересказ исследования Гарварда и Stanford Research Institute:15%/85% hard/soft skills.;Обосновывает важность социальных навыков.;Социальный интеллект | Коммуникация;;B006 PDF p.16;"Реконструкция использования в книге; первичное исследование здесь не проверено. Из результата не следует автоматически валидность авторского обобщения или бизнес-переноса."
E263;Soft skills CEO;observational;survey;identified_narrative;Пересказ Stanford Research Institute/фонд Карнеги Мелона:75% soft skills,25% hard skills.;Социальность современного бизнеса и руководства.;Социальный интеллект | Лидерство;;B006 PDF p.16;"Реконструкция использования в книге; первичное исследование здесь не проверено. Из результата не следует автоматически валидность авторского обобщения или бизнес-переноса."
E264;Выгорание и увольнения 2021;observational;survey;identified_narrative;"Объединены данные McKinsey/Kelly Services и исследование на ПМЭФ; параметры опросов не раскрыты.";Новый контекст управления вовлеченностью и кадровым ресурсом.;Выгорание | Цифровая среда;;B006 PDF p.20;"Реконструкция использования в книге; первичное исследование здесь не проверено. Из результата не следует автоматически валидность авторского обобщения или бизнес-переноса."
E265;Разные смыслы ответственности у руководителей;observational;interview;identified_narrative;"В лаборатории автора руководителей подразделений спрашивали о личностных характеристиках сотрудника уровня минус один; одни и те же слова получали разные смысловые наполнения.";Проблематизирует кажущееся взаимопонимание и кадровые требования.;Субъективная реальность | Смысл | Коммуникация;;B006 PDF p.35;"Реконструкция использования в книге; первичное исследование здесь не проверено. Из результата не следует автоматически валидность авторского обобщения или бизнес-переноса."
E266;Кандел: память и обучение аплизии;empirical;laboratory;identified_narrative;"Исследование морского моллюска с крупными нейронами; повторная стимуляция и изменения синаптического контакта.";"Иллюстрирует материальную устойчивость привычек и необходимость времени на переучивание. / Обучение меняет нервные связи; мозг возможно перестраивать.";Память | Динамический стереотип | Обучение | Нейропластичность | Обучение и развитие;Эрик Кандел | Эрик Кандель;B006 PDF p.50 | B002 §01951;"Реконструкция использования в книге; первичное исследование здесь не проверено. Из результата не следует автоматически валидность авторского обобщения или бизнес-переноса. Пересказ в книге; первичная научная публикация для этой записи отдельно не проверена."
E267;Смена декораций телепрограммы;case;business_case;identified_narrative;Авторский управленческий кейс: после обновления декораций временно падает рейтинг, затем восстанавливается.;Перенос динамической стереотипии на зрителя и внедрение инновации.;Динамический стереотип | Сопротивление изменениям;;B006 PDF p.55;"Реконструкция использования в книге; первичное исследование здесь не проверено. Из результата не следует автоматически валидность авторского обобщения или бизнес-переноса."
E268;Холмс—Рэй: стрессогенность событий;observational;observational;identified_narrative;"Анализ событий, предшествовавших психическому или психосоматическому заболеванию; балльная шкала, включающая положительные перемены.";Показывает, что стресс связан с изменением, а не только с плохим событием.;Стресс | Сопротивление изменениям;Томас Холмс | Ричард Рэй;B006 PDF p.57;"Реконструкция использования в книге; первичное исследование здесь не проверено. Из результата не следует автоматически валидность авторского обобщения или бизнес-переноса."
E269;Бевер—Кьярелло: музыка новичка и профессионала;observational;neuropsychological_group_comparison;identified_narrative;Сравнение распознавания нот и тональностей музыкантами и людьми без музыкального образования.;Иллюстрирует переход от освоения новой деятельности к автоматизированному навыку.;Обучение | Навык | Латерализация;Томас Бевер | Роберт Кьярелло;B006 PDF p.61 | B004 PDF p.156;"Реконструкция использования в книге; первичное исследование здесь не проверено. Из результата не следует автоматически валидность авторского обобщения или бизнес-переноса."
E270;Моруцци—Мэгун: ретикулярная активация;empirical;laboratory;identified_narrative;"Электростимуляция ствола мозга животных под наркозом; пробуждение.";Вводит ретикулярную формацию и мобилизацию нервной системы.;Активация | Ретикулярная формация;Джузеппе Моруцци | Гораций Мэгун;B006 PDF p.74;"Реконструкция использования в книге; первичное исследование здесь не проверено. Из результата не следует автоматически валидность авторского обобщения или бизнес-переноса."
E271;Аш: конформизм;review;mention_only;identified_narrative;"Указано название исследования в перечне основ ситуационного объяснения поведения; конкретный дизайн в данной книге не разобран.";Поддерживает тезис о роли обстоятельств.;Социальная ситуация | Конформизм;Соломон Аш;B006 PDF p.85 | B045 PDF p.254;"Реконструкция использования в книге; первичное исследование здесь не проверено. Из результата не следует автоматически валидность авторского обобщения или бизнес-переноса."
E272;Зимбардо: Стэнфордская тюрьма;empirical;laboratory;identified_narrative;"Студенты разделены на надзирателей и заключенных, ситуация быстро приводит к унижению и жестокости; описана вовлеченность исследователя.";Противопоставляет действие обстоятельств декларациям личности и ценностей. / Ситуация и роль перестраивают поведение и образ Я.;Социальная ситуация | Ролевое поведение | Власть | Социальное влияние | Социальные роли | Я как конструкция;Филип Зимбардо;B006 PDF p.88 | B045 PDF p.299 | B002 §00929;"Реконструкция использования в книге; первичное исследование здесь не проверено. Из результата не следует автоматически валидность авторского обобщения или бизнес-переноса. В «Духе времени» автор называет дискуссии об этом исследовании беспочвенными; это его полемическая позиция, а не завершенная научная проверка. Архивное исследование Le Texier 2019 выявляет инструкции охранникам и другие проблемы валидности. В книге сильные универсальные выводы; не превращать их в закон о любом сотруднике."
E273;Шульц: дофамин и ожидание награды;empirical;laboratory_series;identified_narrative;"Исследования центров удовольствия обезьян; книга не раскрывает отдельный протокол.";Поясняет мотивацию ожиданием и дофаминовые качели.;Вознаграждение | Предвосхищение;Вольфрам Шульц;B006 PDF p.115;"Реконструкция использования в книге; первичное исследование здесь не проверено. Из результата не следует автоматически валидность авторского обобщения или бизнес-переноса."
E274;Кнутсон 2001: ожидание вознаграждения;empirical;laboratory;identified_narrative;"Изучение центра удовольствия человека; акцент на предвосхищении, а не получении награды.";Объясняет мотивацию и эмоциональную силу денег.;Вознаграждение | Деньги;Брайан Кнутсон;B006 PDF p.115 | B006 PDF p.116 | B045 PDF p.248;"Реконструкция использования в книге; первичное исследование здесь не проверено. Из результата не следует автоматически валидность авторского обобщения или бизнес-переноса."
E275;Эффект владения Талера—Канемана;review;mention_only;identified_narrative;Назван экспериментально иллюстрированный эффект, но конкретная постановка в книге не описана.;Объясняет завышенную оценку цены и привлекательность скидки.;Эффект владения | Ценообразование;Ричард Талер | Даниэль Канеман;B006 PDF p.119 | B003 PDF p.39;"Реконструкция использования в книге; первичное исследование здесь не проверено. Из результата не следует автоматически валидность авторского обобщения или бизнес-переноса."
E276;Данбар: неокортекс и размер группы;observational;comparative;identified_narrative;Сопоставление неокортекса и размеров социальных групп38видов приматов, затем экстраполяция на человека.;Обосновывает внутреннюю стаю,150контактов и социальные слои.;Социальный мозг | Внутренняя стая;Робин Данбар;B006 PDF p.132;"Реконструкция использования в книге; первичное исследование здесь не проверено. Из результата не следует автоматически валидность авторского обобщения или бизнес-переноса."
E277;Де Вааль: коалиции шимпанзе Арнема;observational;observational;identified_narrative;"Наблюдение отношений группы шимпанзе в зоопарке Арнема; конфликты и альянсы.";Сравнивает коалиции приматов с топ-менеджментом и скрытой политикой организации.;Власть | Коалиции | Социальный мозг;Франс де Вааль;B006 PDF p.141 | B006 PDF p.143;"Реконструкция использования в книге; первичное исследование здесь не проверено. Из результата не следует автоматически валидность авторского обобщения или бизнес-переноса."
E278;Де Вааль: взаимность груминга;empirical;laboratory_series;identified_narrative;Обезьяны запоминают, сколько времени их грумил каждый партнер, и соотносят ответную заботу с этим объемом.;Показывает непрерывный обмен услугами/поддержкой как основу альянсов.;Социальный обмен | Коалиции;Франс де Вааль;B006 PDF p.143;"Реконструкция использования в книге; первичное исследование здесь не проверено. Из результата не следует автоматически валидность авторского обобщения или бизнес-переноса."
E279;Towers Watson2012: вовлеченность сотрудников;observational;survey;identified_narrative;"Опрос32000работников; характеристики руководителя сопоставляются с устойчивой вовлеченностью.";Связывает лидерство, заботу и мотивацию.;Вовлеченность | Лидерство;;B006 PDF p.148;"Реконструкция использования в книге; первичное исследование здесь не проверено. Из результата не следует автоматически валидность авторского обобщения или бизнес-переноса."
E280;Крушинский: экстраполяция и субдоминанты;observational;comparative;identified_narrative;"Сравнение решения задач экстраполяции животными разных рангов; детальный протокол не приведен.";Обосновывает инициативность уровня минус один и функции иерархии.;Иерархия | Экстраполяция | Власть;Леонид Крушинский;B006 PDF p.154;"Реконструкция использования в книге; первичное исследование здесь не проверено. Из результата не следует автоматически валидность авторского обобщения или бизнес-переноса."
E281;Даннинг—Крюгер: самооценка навыков;empirical;laboratory;identified_narrative;Самооценка грамматики, юмора и логики сопоставляется с результатами тестов.;Поясняет непонимание собственной некомпетентности и кризис авторитета.;Когнитивные искажения | Экспертиза;Дэвид Даннинг | Джастин Крюгер;B006 PDF p.157;"Реконструкция использования в книге; первичное исследование здесь не проверено. Из результата не следует автоматически валидность авторского обобщения или бизнес-переноса."
E282;Авторский опрос цифровой грамотности;observational;survey;identified_narrative;"Несколько тысяч респондентов; шкала фактического знания и самооценка цифровой грамотности сравниваются между поколениями.";Сомневается в том, что уверенность цифровых аборигенов равна компетентности.;Когнитивные искажения | Цифровая грамотность;;B006 PDF p.160;"Реконструкция использования в книге; первичное исследование здесь не проверено. Из результата не следует автоматически валидность авторского обобщения или бизнес-переноса."
E283;Пентланд: социальное взаимодействие и команда;review;mention_only;identified_narrative;"Упоминание связи интенсивности социального взаимодействия и эффективности команд; дизайн не раскрыт.";Обосновывает работу над отношениями и социальным интеллектом.;Социальный интеллект | Команда;Алекс Пентланд;B006 PDF p.173;"Реконструкция использования в книге; первичное исследование здесь не проверено. Из результата не следует автоматически валидность авторского обобщения или бизнес-переноса."
E284;Басс: выбор партнера в37культурах;observational;cross_cultural;identified_narrative;"В книге указано16000респондентов из37обществ/культур; сравнение предпочтений в выборе партнера.";Связывает ум и доброту с половым отбором и конкурентной привлекательностью.;Половой отбор | Потребности;Дэвид Басс;B006 PDF p.180;"Реконструкция использования в книге; первичное исследование здесь не проверено. Из результата не следует автоматически валидность авторского обобщения или бизнес-переноса."
E285;Миллер: декоративная речь и половой отбор;review;mention_only;identified_narrative;"Рассуждение об увеличении декоративной части словаря в присутствии привлекательного партнера; точный протокол не дан.";Представляет интеллект как павлиний хвост и основу впечатления/позиционирования.;Половой отбор | Интеллект | Бренд;Джеффри Миллер;B006 PDF p.181;"Реконструкция использования в книге; первичное исследование здесь не проверено. Из результата не следует автоматически валидность авторского обобщения или бизнес-переноса."
E286;Ингалхаликар 2014: структурный коннектом;observational;structural_neuroimaging_group_comparison;identified_narrative;"Диффузно-тензорная визуализация почти1000мужчин/женщин разных возрастов; средние меж/внутриполушарные связи.";Объясняет заявляемые различия способов коммуникации и отношений.;Коннектом | Половые различия;Мадхура Ингалхаликар;B006 PDF p.189 | B004 PDF p.118;"Реконструкция использования в книге; первичное исследование здесь не проверено. Из результата не следует автоматически валидность авторского обобщения или бизнес-переноса."
E287;Дэвидсон: ЭЭГ при депрессии;observational;comparative;identified_narrative;"Сравнение базовой ЭЭГ пациентов с депрессией и здоровых людей; небольшая выборка, как признает автор.";Вводит авторское объяснение эмоций латерализацией.;Латерализация | Эмоции;Ричард Дэвидсон;B006 PDF p.83;"Реконструкция использования в книге; первичное исследование здесь не проверено. Из результата не следует автоматически валидность авторского обобщения или бизнес-переноса."
E288;Харди: эволюционная функция сплетен;review;mention_only;identified_narrative;"Исследования названы без точного метода; сплетня связывается с партнерством, влиянием и интеллектом.";Представляет сплетни как механизм коалиций.;Сплетни | Коалиции | Социальный мозг;Джон Харди;B006 PDF p.197;"Реконструкция использования в книге; первичное исследование здесь не проверено. Из результата не следует автоматически валидность авторского обобщения или бизнес-переноса."
E289;Уиллер 2012: просоциальная сплетня;empirical;laboratory;identified_narrative;"Наблюдатели видят нечестного игрока; затем получают возможность предупредить его партнера; описаны тревога и снижение физиологического напряжения.";Объясняет распространение секретной информации как разрядку собственного дискомфорта.;Сплетни | Социальная ситуация | Стресс;Робб Уиллер;B006 PDF p.198;"Реконструкция использования в книге; первичное исследование здесь не проверено. Из результата не следует автоматически валидность авторского обобщения или бизнес-переноса."
E290;Семантический дифференциал бренда;exercise;business_method;identified_narrative;"70—75клиентов сравнивают бренд и конкурентов по парам характеристик; баллы от1до7 агрегируются.";Практический инструмент уточнения эмоционального позиционирования товара.;Бренд | Социальное восприятие;;B006 PDF p.201;"Реконструкция использования в книге; первичное исследование здесь не проверено. Из результата не следует автоматически валидность авторского обобщения или бизнес-переноса."
E291;Грациано: модуль саморепрезентации;review;research_program_without_protocol;identified_narrative;Упоминание программы исследований без конкретного протокола.;Поясняет самосознание как создаваемую мозгом модель.;Саморепрезентация | Сознание;Майкл Грациано;B007 PDF p.19 | B003 PDF p.126;"Ссылка на объяснительную модель, без описанного экспериментального протокола. В реестре сохранена для полноты связей теория–мыслитель–книга; не считать отдельным эмпирическим экспериментом."
E292;Харт 2009: селективный выбор информации;review;meta_analysis;identified_narrative;Метаанализ91исследования, суммарно8000человек.;Обосновывает предвзятость подтверждения.;Когнитивные искажения | Подтверждение;Вильям Харт;B007 PDF p.27;"Реконструкция использования в книге; первичное исследование здесь не проверено. Из результата не следует автоматически валидность авторского обобщения или бизнес-переноса."
E293;Натт: альтернативы управленческих решений;observational;retrospective_decision_analysis;identified_narrative;"Двадцатилетний анализ компаний и сотен решений топ-менеджмента; сопоставление альтернатив и результатов.";Обосновывает отказ от ложного выбора да/нет.;Альтернативы | Принятие решений;Пауль Натт;B007 PDF p.28;"Реконструкция использования в книге; первичное исследование здесь не проверено. Из результата не следует автоматически валидность авторского обобщения или бизнес-переноса."
E294;Фишхофф: альтернативы решений подростков;empirical;;identified_narrative;"Пересказ исследования выбора подростков; подробный дизайн и некоторые цифры в OCR отсутствуют.";Сравнивает управленческий выбор с решением подростков.;Альтернативы | Принятие решений;Барух Фишхофф;B007 PDF p.28;"Реконструкция использования в книге; первичное исследование здесь не проверено. Из результата не следует автоматически валидность авторского обобщения или бизнес-переноса."
E295;Киллингсворт—Гилберт: блуждающий ум;observational;experience_sampling;identified_narrative;"Исследование состояния внимания и счастья; в книге доля блуждания46,9%.";Поясняет умственную жвачку и необходимость выделять мыслительные задачи.;ДСМ | Блуждание | Счастье;Мэтью Киллингсворт | Дэниел Гилберт;B007 PDF p.48 | B003 PDF p.24;"Реконструкция использования в книге; первичное исследование здесь не проверено. Из результата не следует автоматически валидность авторского обобщения или бизнес-переноса."
E296;Фарб 2007: конкуренция базовых сетей;empirical;;identified_narrative;"ФМРТ в состояниях обработки внешней задачи, блуждания и осознанности; отдельный протокол не изложен.";Обосновывает антагонизм ДСМ,ЦИС,СВЗ.;ДСМ | ЦИС | СВЗ;Норман Фарб;B007 PDF p.62;"Реконструкция использования в книге; первичное исследование здесь не проверено. Из результата не следует автоматически валидность авторского обобщения или бизнес-переноса."
E297;Бити—Кенетт 2018: креативность и координация мозговых сетей;observational;neuroimaging_correlation_prediction;same_narrative;"Сравнение людей творческих профессий с наградами и менее креативных участников при выполнении заданий; мозговая связность.";Согласованное взаимодействие ДСМ,ЦИС,СВЗ связывается с креативностью и факт-картой. / Качество мышления связано с взаимодействием сетей.;ДСМ | ЦИС | СВЗ | Креативность | Дефолт-система мозга | Сети мозга и творчество;Роджер Бети | Йоеда Кенетт | Роджер Бити | Йоав Кенетт;B007 PDF p.65 | B041 §01603;"Реконструкция использования в книге; первичное исследование здесь не проверено. Из результата не следует автоматически валидность авторского обобщения или бизнес-переноса. Пересказ в книге; первичная научная публикация для этой записи отдельно не проверена."
E298;Марк: возврат к задаче после отвлечения;empirical;;identified_narrative;"Исследование прерываний интеллектуальной работы; в пересказе23минут на восстановление прежней продуктивности.";Обосновывает длительные блоки сосредоточенной работы.;Внимание | Когнитивная нагрузка;Глория Марк;B007 PDF p.87 | B003 PDF p.57;"Реконструкция использования в книге; первичное исследование здесь не проверено. Из результата не следует автоматически валидность авторского обобщения или бизнес-переноса."
E299;Эддингтон: затмение и теория гравитации;empirical;;identified_narrative;Измерение солнечного затмения описано как проверка заранее сформулированной теории.;Показывает путь от теоретического открытия к эксперименту.;Гипотеза | Модель реальности;Артур Эддингтон | Альберт Эйнштейн;B007 PDF p.146;"Реконструкция использования в книге; первичное исследование здесь не проверено. Из результата не следует автоматически валидность авторского обобщения или бизнес-переноса."
E300;Гейгер—Марсден: рассеяние альфа-частиц;empirical;;identified_narrative;"Обстрел золотой фольги альфа-частицами; неожиданные большие углы рассеяния.";Иллюстрирует поиск новой модели из аномального факта, связи и аналогии.;Гипотеза | Инсайт | Модель реальности;Ганс Гейгер | Эрнест Марсден | Эрнест Резерфорд;B007 PDF p.146;"Реконструкция использования в книге; первичное исследование здесь не проверено. Из результата не следует автоматически валидность авторского обобщения или бизнес-переноса."
E301;Бисвал: мозг в покое;empirical;;identified_narrative;Участники в фМРТ смотрят на черный экран и не выполняют внешних задач.;Вводит непроизвольную согласованную работу мозга.;ДСМ | Мышление;Бхарат Бисвал;B007 PDF p.167;"Реконструкция использования в книге; первичное исследование здесь не проверено. Из результата не следует автоматически валидность авторского обобщения или бизнес-переноса."
E302;Шульман: активность между заданиями;empirical;;identified_narrative;Сравнивается мозговая активность при интеллектуальных задачах и в паузах отдыха.;Показывает открытие ДСМ через неожиданную активность покоя.;ДСМ | Мышление;Гордон Шульман;B007 PDF p.168;"Реконструкция использования в книге; первичное исследование здесь не проверено. Из результата не следует автоматически валидность авторского обобщения или бизнес-переноса."
E303;Типы мышления и восприятие рекламы;empirical;;identified_narrative;Авторские исследования: представители трех типов смотрят один рекламный ролик, различаются заметные детали, содержание и эмоции.;Обосновывает типологию конструктор/центрист/рефлектор и различия моделей мира.;Троица | Модель реальности;;B007 PDF p.188;"Реконструкция использования в книге; первичное исследование здесь не проверено. Из результата не следует автоматически валидность авторского обобщения или бизнес-переноса."
E304;Пуанкаре: инкубация математического открытия;case;;identified_narrative;Самоописание создания автоморфных функций: интенсивная работа и последующий внезапный инсайт.;Показывает роль неосознаваемого мыслительного процесса.;Инсайт | ДСМ | Инкубация;Анри Пуанкаре;B007 PDF p.59;"Реконструкция использования в книге; первичное исследование здесь не проверено. Из результата не следует автоматически валидность авторского обобщения или бизнес-переноса."
E305;Модель ДТП в венском суде;case;;identified_narrative;"Игрушечная модель улицы и машин проясняет судье ход аварии; история связывается с Витгенштейном.";Показывает возможность моделирования отношений вместо копии объектов.;Карта и территория | Отношения;Людвиг Витгенштейн;B007 PDF p.36;"Реконструкция использования в книге; первичное исследование здесь не проверено. Из результата не следует автоматически валидность авторского обобщения или бизнес-переноса."
E306;Альтернативы и равные за/против;exercise;;identified_narrative;Для каждой действительной альтернативы выписать одинаковое число плюсов и минусов, инсайты и новые факты.;Уменьшает тенденциозность решения.;Альтернативы | Когнитивные искажения;;B007 PDF p.29;"Реконструкция использования в книге; первичное исследование здесь не проверено. Из результата не следует автоматически валидность авторского обобщения или бизнес-переноса."
E307;Умственная жвачка;exercise;;identified_narrative;"Выгрузить повторяющиеся мысли; разделить на текущие задачи, бессмысленные мысли и вопросы для обдумывания; поместить дела в календарь.";Освобождает ресурс ДСМ и выявляет нужные мыслительные задачи.;ДСМ | Когнитивная нагрузка;;B007 PDF p.48;"Реконструкция использования в книге; первичное исследование здесь не проверено. Из результата не следует автоматически валидность авторского обобщения или бизнес-переноса."
E308;Персональная записная книжка поручений;exercise;;identified_narrative;Создать отдельные разделы для регулярных собеседников и накапливать вопросы к плановой встрече.;Снижает переключения и повышает качество коммуникации.;Коммуникация | Когнитивная нагрузка;;B007 PDF p.51;"Реконструкция использования в книге; первичное исследование здесь не проверено. Из результата не следует автоматически валидность авторского обобщения или бизнес-переноса."
E309;Обнаружение фактов;exercise;;identified_narrative;"Собрать на карточках все данные о ситуации, включая намерения, сомнения и чужие аргументы; поискать недостающие данные.";Расширяет материал мышления, различает факт наличия мнения и истинность этого мнения.;Интеллектуальные объекты | Факт-карта;;B007 PDF p.76;"Реконструкция использования в книге; первичное исследование здесь не проверено. Из результата не следует автоматически валидность авторского обобщения или бизнес-переноса."
E310;Техника осознанности;exercise;;identified_narrative;Последовательно и затем одновременно сосредоточиваться на звуках, контактах тела и внешних зрительных объектах.;Переключает внимание с мыслительного блуждания на восприятие.;Внимание | СВЗ;;B007 PDF p.103;"Реконструкция использования в книге; первичное исследование здесь не проверено. Из результата не следует автоматически валидность авторского обобщения или бизнес-переноса."
E311;Календарь и окна информации;exercise;;identified_narrative;"Выделить время для собственной работы, почты и личной жизни; внешне зафиксировать задачи и ограничить входящие стимулы.";Разгружает ЦИС.;ЦИС | Когнитивная нагрузка;;B007 PDF p.105;"Реконструкция использования в книге; первичное исследование здесь не проверено. Из результата не следует автоматически валидность авторского обобщения или бизнес-переноса."
E312;Метафорическая факт-карта бизнеса;exercise;;identified_narrative;"Один набор карточек пересобирается как война, научное исследование или шоу; сравниваются отношения, роли, цели и новые возможности.";Меняет положение вещей и обнаруживает новые решения.;Факт-карта | Карта и территория | Инсайт;;B007 PDF p.151;"Реконструкция использования в книге; первичное исследование здесь не проверено. Из результата не следует автоматически валидность авторского обобщения или бизнес-переноса."
E313;Внутренняя стая;exercise;;identified_narrative;"Выписать значимых людей, разместить по реальной субъективной близости и пересобрать по социальным слоям; заметить дисбалансы.";Картирует социальное содержание ДСМ.;Внутренняя стая | Социальный мозг;;B007 PDF p.172;"Реконструкция использования в книге; первичное исследование здесь не проверено. Из результата не следует автоматически валидность авторского обобщения или бизнес-переноса."
E314;Групповая факт-карта задачи;exercise;;identified_narrative;"Каждый участник выписывает реальные действия, партнеров взаимодействия и ресурс/результат; коллективно собирает отношения и проверяет понимание.";Выявляет реальный функционал и несогласованность процесса.;Факт-карта | Команда | Коммуникация;;B007 PDF p.206;"Реконструкция использования в книге; первичное исследование здесь не проверено. Из результата не следует автоматически валидность авторского обобщения или бизнес-переноса."
E315;Факт-карта самого себя;exercise;;identified_narrative;"Собрать достижения, опыт, навыки, ресурсы, отношения и ценности; увидеть реальную структуру жизни и цели.";Противодействует подавлению личной жизни рабочей доминантой.;Самопознание | Доминанта | Факт-карта;;B007 PDF p.223;"Реконструкция использования в книге; первичное исследование здесь не проверено. Из результата не следует автоматически валидность авторского обобщения или бизнес-переноса."
E316;Факт-карта будущих потерь от работы;exercise;;identified_narrative;Картировать вероятные последствия тотальной занятости:разрывы отношений, утрата ближнего круга и ресурса.;Создает конкурирующую доминанту заботы о собственной жизни.;Доминанта | Самопознание | Внутренняя стая;;B007 PDF p.234;"Реконструкция использования в книге; первичное исследование здесь не проверено. Из результата не следует автоматически валидность авторского обобщения или бизнес-переноса."
E317;Факт-карта факт-карт;exercise;;identified_narrative;"Определить аспект реальности и цель; источники достоверной информации; разные точки входа; затем строить общую матрицу знаний.";Формирует личную идеологию/концептуальную матрицу.;Факт-карта | Концептуальная матрица | Модель реальности;;B007 PDF p.246;"Реконструкция использования в книге; первичное исследование здесь не проверено. Из результата не следует автоматически валидность авторского обобщения или бизнес-переноса."
E318;Исследование суицидального дискурса;observational;survey_and_discourse_analysis;identified_narrative;"Сотни участников разных клинических и социальных групп; свободные ответы на незаконченные предложения, затем их структурирование и повторный опрос.";Показывает одновременное принятие противоречивых установок без субъективного ощущения противоречия.;Дискурс | Парадокс | Когнитивная несогласованность;;B043 PDF p.137 | B004 PDF p.193 | B004 PDF p.196;"Реконструкция использования в книге; первичное исследование здесь не проверено. Из результата не следует автоматически валидность авторского обобщения или бизнес-переноса."
E319;Дискурс до и после антидепрессантов;empirical;uncontrolled_before_after_treatment;identified_narrative;Небольшая группа пациентов с эндогенной депрессией заполняла опросники до/после терапии.;Изменение структуры ответов связывается с состоянием, а не только с убеждениями.;Дискурс | Состояние | Когнитивная несогласованность;;B043 PDF p.152;"Реконструкция использования в книге; первичное исследование здесь не проверено. Из результата не следует автоматически валидность авторского обобщения или бизнес-переноса."
E320;Психотерапевтический и сексуальный дискурсы;empirical;;identified_narrative;"Упоминание аналогичных авторских исследований посредством той же технологии; протокол и результаты здесь раскрыты ограниченно.";Поддерживает перенос анализа дискурса за пределы суицидологических вопросов.;Дискурс | Субъективная реальность;;B043 PDF p.161;"Реконструкция использования в книге; первичное исследование здесь не проверено. Из результата не следует автоматически валидность авторского обобщения или бизнес-переноса."
E321;Эпидемиологическое исследование Петербурга;empirical;;identified_narrative;"Опрос населения о широком континууме суицидального поведения; параметры выборки в данном фрагменте не сообщены.";Мотивирует поиск механизмов внутреннего дискурса.;Дискурс | Состояние;;B043 PDF p.134;"Реконструкция использования в книге; первичное исследование здесь не проверено. Из результата не следует автоматически валидность авторского обобщения или бизнес-переноса."
E322;Носорог Рассела—Витгенштейна;thought;;identified_narrative;"Рассел предлагает проверить наличие носорога в комнате; спор используется для различения слов и способа думать.";Проблематизирует неизменность доступной картины реальности.;Модель реальности | Способы думать;Бертран Рассел | Людвиг Витгенштейн;B043 PDF p.20;"Реконструкция использования в книге; первичное исследование здесь не проверено. Из результата не следует автоматически валидность авторского обобщения или бизнес-переноса."
E323;Сократ на Патриарших прудах;thought;;identified_narrative;"Художественно сконструированная встреча современного Ивана с Сократом и Полемархом; уточнение власти, денег и свободы.";Демонстрирует столкновение дискурса готовых ответов с концептуальной/сократической работой.;Дискурс | Концепт | Майевтика;Сократ | Платон;B043 PDF p.245;"Реконструкция использования в книге; первичное исследование здесь не проверено. Из результата не следует автоматически валидность авторского обобщения или бизнес-переноса."
E324;Сравнить собственные дискурсы через20лет;thought;;identified_narrative;Невозможный ретроспективный опрос одних и тех же людей в двух эпохах, предложенный как мысленный прием.;Показывает культурную изменчивость установок, которые кажутся вечными.;Дискурс | История | Социальная среда;;B043 PDF p.154;"Реконструкция использования в книге; первичное исследование здесь не проверено. Из результата не следует автоматически валидность авторского обобщения или бизнес-переноса."
E325;Что я знаю о себе?;exercise;;identified_narrative;Самоописание биографии, семьи, рода, религии, опыта и убеждений.;Авторский инструмент систематической интроспекции в рамках соответствующей психологической модели.;Самопознание;;B040 PDF p.13;"Практическое/проективное задание,не эмпирический эксперимент. Автор признает отсутствие строгой однозначной интерпретации проективных тестов; выводы о человеке и пригодность для кадрового решения не подтверждаются самим заданием."
E326;Что вас беспокоит?;exercise;;identified_narrative;Письменно перечислить чувства, тревоги и ситуации, будто на приеме психолога.;Авторский инструмент систематической интроспекции в рамках соответствующей психологической модели.;Самопознание | Бессознательное;Зигмунд Фрейд;B040 PDF p.32;"Практическое/проективное задание,не эмпирический эксперимент. Автор признает отсутствие строгой однозначной интерпретации проективных тестов; выводы о человеке и пригодность для кадрового решения не подтверждаются самим заданием."
E327;Нарисуйте дерево;exercise;;identified_narrative;Рисунок дерева, вопросы о нем и ассоциативная интерпретация деталей.;Авторский инструмент систематической интроспекции в рамках соответствующей психологической модели.;Проекция | Бессознательное;;B040 PDF p.34;"Практическое/проективное задание,не эмпирический эксперимент. Автор признает отсутствие строгой однозначной интерпретации проективных тестов; выводы о человеке и пригодность для кадрового решения не подтверждаются самим заданием."
E328;Связь с оральной стадией;exercise;;identified_narrative;Вспоминать раннее кормление, телесный контакт, впечатления и актуальные способы удовлетворения.;Авторский инструмент систематической интроспекции в рамках соответствующей психологической модели.;Психосексуальные стадии | Бессознательное;Зигмунд Фрейд;B040 PDF p.54;"Практическое/проективное задание,не эмпирический эксперимент. Автор признает отсутствие строгой однозначной интерпретации проективных тестов; выводы о человеке и пригодность для кадрового решения не подтверждаются самим заданием."
E329;Отношение к туалету;exercise;;identified_narrative;Самоанализ опыта контроля и телесных функций.;Авторский инструмент систематической интроспекции в рамках соответствующей психологической модели.;Психосексуальные стадии | Контроль;Зигмунд Фрейд;B040 PDF p.56;"Практическое/проективное задание,не эмпирический эксперимент. Автор признает отсутствие строгой однозначной интерпретации проективных тестов; выводы о человеке и пригодность для кадрового решения не подтверждаются самим заданием."
E330;Отношение к половым органам;exercise;;identified_narrative;Рефлексия раннего отношения к телу и сексуальности.;Авторский инструмент систематической интроспекции в рамках соответствующей психологической модели.;Психосексуальные стадии | Бессознательное;Зигмунд Фрейд;B040 PDF p.61;"Практическое/проективное задание,не эмпирический эксперимент. Автор признает отсутствие строгой однозначной интерпретации проективных тестов; выводы о человеке и пригодность для кадрового решения не подтверждаются самим заданием."
E331;Период пубертата;exercise;;identified_narrative;Воспоминания о взрослении, отношениях с родителями и сексуальности.;Авторский инструмент систематической интроспекции в рамках соответствующей психологической модели.;Психосексуальные стадии | Самопознание;Зигмунд Фрейд;B040 PDF p.67;"Практическое/проективное задание,не эмпирический эксперимент. Автор признает отсутствие строгой однозначной интерпретации проективных тестов; выводы о человеке и пригодность для кадрового решения не подтверждаются самим заданием."
E332;Первая любовь;exercise;;identified_narrative;Рефлексия первой влюбленности, взаимности и эмоционального опыта.;Авторский инструмент систематической интроспекции в рамках соответствующей психологической модели.;Отношения | Самопознание;Зигмунд Фрейд;B040 PDF p.70;"Практическое/проективное задание,не эмпирический эксперимент. Автор признает отсутствие строгой однозначной интерпретации проективных тестов; выводы о человеке и пригодность для кадрового решения не подтверждаются самим заданием."
E333;Первые отношения;exercise;;identified_narrative;Анализ первых партнерских отношений и закрепленных установок.;Авторский инструмент систематической интроспекции в рамках соответствующей психологической модели.;Отношения | Самопознание;Зигмунд Фрейд;B040 PDF p.73;"Практическое/проективное задание,не эмпирический эксперимент. Автор признает отсутствие строгой однозначной интерпретации проективных тестов; выводы о человеке и пригодность для кадрового решения не подтверждаются самим заданием."
E334;Идти по лесу;exercise;;identified_narrative;Воображаемый поход по лесу и интерпретация возникающих образов.;Авторский инструмент систематической интроспекции в рамках соответствующей психологической модели.;Проекция | Бессознательное;;B040 PDF p.77;"Практическое/проективное задание,не эмпирический эксперимент. Автор признает отсутствие строгой однозначной интерпретации проективных тестов; выводы о человеке и пригодность для кадрового решения не подтверждаются самим заданием."
E335;Метод Александера;exercise;;identified_narrative;Изменение положения тела и внимание к возникающему мышечному напряжению.;Авторский инструмент систематической интроспекции в рамках соответствующей психологической модели.;Телесная практика | Мышечный панцирь;Фредерик Александер;B040 PDF p.91;"Практическое/проективное задание,не эмпирический эксперимент. Автор признает отсутствие строгой однозначной интерпретации проективных тестов; выводы о человеке и пригодность для кадрового решения не подтверждаются самим заданием."
E336;Направление энергии;exercise;;identified_narrative;Проба положения тела, сгибания/прогиба и субъективного ощущения энергии.;Авторский инструмент систематической интроспекции в рамках соответствующей психологической модели.;Телесная практика | Мышечный панцирь;Вильгельм Райх;B040 PDF p.95;"Практическое/проективное задание,не эмпирический эксперимент. Автор признает отсутствие строгой однозначной интерпретации проективных тестов; выводы о человеке и пригодность для кадрового решения не подтверждаются самим заданием."
E337;Расслабление панцирных сегментов;exercise;;identified_narrative;Последовательная работа с напряжением разных телесных сегментов.;Авторский инструмент систематической интроспекции в рамках соответствующей психологической модели.;Телесная практика | Мышечный панцирь;Вильгельм Райх;B040 PDF p.97;"Практическое/проективное задание,не эмпирический эксперимент. Автор признает отсутствие строгой однозначной интерпретации проективных тестов; выводы о человеке и пригодность для кадрового решения не подтверждаются самим заданием."
E338;Методика Фельденкрайза;exercise;;identified_narrative;Осознанные движения и различение телесных ощущений.;Авторский инструмент систематической интроспекции в рамках соответствующей психологической модели.;Телесная практика | Самопознание;Моше Фельденкрайз;B040 PDF p.120;"Практическое/проективное задание,не эмпирический эксперимент. Автор признает отсутствие строгой однозначной интерпретации проективных тестов; выводы о человеке и пригодность для кадрового решения не подтверждаются самим заданием."
E339;О предназначении;exercise;;identified_narrative;Рефлексия жизненного пути, целей и собственной индивидуальности.;Авторский инструмент систематической интроспекции в рамках соответствующей психологической модели.;Самопознание | Индивидуация;Карл Юнг;B040 PDF p.134;"Практическое/проективное задание,не эмпирический эксперимент. Автор признает отсутствие строгой однозначной интерпретации проективных тестов; выводы о человеке и пригодность для кадрового решения не подтверждаются самим заданием."
E340;Кто я:интроверт или экстраверт?;exercise;;identified_narrative;Опросник о направленности интересов и социальных реакциях.;Авторский инструмент систематической интроспекции в рамках соответствующей психологической модели.;Интроверсия | Экстраверсия;Карл Юнг;B040 PDF p.137;"Практическое/проективное задание,не эмпирический эксперимент. Автор признает отсутствие строгой однозначной интерпретации проективных тестов; выводы о человеке и пригодность для кадрового решения не подтверждаются самим заданием."
E341;Вопросы Карла Юнга;exercise;;identified_narrative;Набор вопросов для размышления о жизненной позиции и опыте.;Авторский инструмент систематической интроспекции в рамках соответствующей психологической модели.;Самопознание | Индивидуация;Карл Юнг;B040 PDF p.140;"Практическое/проективное задание,не эмпирический эксперимент. Автор признает отсутствие строгой однозначной интерпретации проективных тестов; выводы о человеке и пригодность для кадрового решения не подтверждаются самим заданием."
E342;Предметы,которые нас олицетворяют;exercise;;identified_narrative;Назвать предметы-символы собственного образа и объяснить ассоциации.;Авторский инструмент систематической интроспекции в рамках соответствующей психологической модели.;Проекция | Самопознание;Карл Юнг;B040 PDF p.144;"Практическое/проективное задание,не эмпирический эксперимент. Автор признает отсутствие строгой однозначной интерпретации проективных тестов; выводы о человеке и пригодность для кадрового решения не подтверждаются самим заданием."
E343;Моя тень;exercise;;identified_narrative;Исследовать непринятые качества и чувства посредством письменной рефлексии.;Авторский инструмент систематической интроспекции в рамках соответствующей психологической модели.;Тень | Индивидуация;Карл Юнг;B040 PDF p.147;"Практическое/проективное задание,не эмпирический эксперимент. Автор признает отсутствие строгой однозначной интерпретации проективных тестов; выводы о человеке и пригодность для кадрового решения не подтверждаются самим заданием."
E344;Мой архетип;exercise;;identified_narrative;Соотнести жизненные сюжеты и самоощущение с архетипическими образами.;Авторский инструмент систематической интроспекции в рамках соответствующей психологической модели.;Архетип | Коллективное бессознательное;Карл Юнг;B040 PDF p.157;"Практическое/проективное задание,не эмпирический эксперимент. Автор признает отсутствие строгой однозначной интерпретации проективных тестов; выводы о человеке и пригодность для кадрового решения не подтверждаются самим заданием."
E345;Несуществующее животное;exercise;;identified_narrative;Нарисовать вымышленное животное, ответить на вопросы и интерпретировать детали.;Авторский инструмент систематической интроспекции в рамках соответствующей психологической модели.;Проекция | Бессознательное;;B040 PDF p.160;"Практическое/проективное задание,не эмпирический эксперимент. Автор признает отсутствие строгой однозначной интерпретации проективных тестов; выводы о человеке и пригодность для кадрового решения не подтверждаются самим заданием."
E346;Список трудностей;exercise;;identified_narrative;Зафиксировать трудности и связанные с ними реакции.;Авторский инструмент систематической интроспекции в рамках соответствующей психологической модели.;Неполноценность | Самопознание;Альфред Адлер;B040 PDF p.180;"Практическое/проективное задание,не эмпирический эксперимент. Автор признает отсутствие строгой однозначной интерпретации проективных тестов; выводы о человеке и пригодность для кадрового решения не подтверждаются самим заданием."
E347;Определимся с неполноценностью;exercise;;identified_narrative;Разобрать переживание недостаточности и сферы сравнения с другими.;Авторский инструмент систематической интроспекции в рамках соответствующей психологической модели.;Неполноценность | Компенсация;Альфред Адлер;B040 PDF p.198;"Практическое/проективное задание,не эмпирический эксперимент. Автор признает отсутствие строгой однозначной интерпретации проективных тестов; выводы о человеке и пригодность для кадрового решения не подтверждаются самим заданием."
E348;Как проявилась сверхкомпенсация?;exercise;;identified_narrative;Определить,как попытки преодоления переживаемого недостатка проявились в деятельности.;Авторский инструмент систематической интроспекции в рамках соответствующей психологической модели.;Неполноценность | Сверхкомпенсация;Альфред Адлер;B040 PDF p.202;"Практическое/проективное задание,не эмпирический эксперимент. Автор признает отсутствие строгой однозначной интерпретации проективных тестов; выводы о человеке и пригодность для кадрового решения не подтверждаются самим заданием."
E349;Шкала личностной значимости черт Кренделла;exercise;;identified_narrative;Сравнение самоописания и субъективной важности личных черт.;Авторский инструмент систематической интроспекции в рамках соответствующей психологической модели.;Самооценка | Неполноценность;Кренделл;B040 PDF p.206;"Практическое/проективное задание,не эмпирический эксперимент. Автор признает отсутствие строгой однозначной интерпретации проективных тестов; выводы о человеке и пригодность для кадрового решения не подтверждаются самим заданием."
E350;Воспоминания;exercise;;identified_narrative;Анализ ранних воспоминаний как индивидуальных сюжетов/установок.;Авторский инструмент систематической интроспекции в рамках соответствующей психологической модели.;Стиль жизни | Самопознание;Альфред Адлер;B040 PDF p.214;"Практическое/проективное задание,не эмпирический эксперимент. Автор признает отсутствие строгой однозначной интерпретации проективных тестов; выводы о человеке и пригодность для кадрового решения не подтверждаются самим заданием."
E351;Стиль жизни;exercise;;identified_narrative;Письменная реконструкция устойчивого способа реагировать,решать задачи и строить отношения.;Авторский инструмент систематической интроспекции в рамках соответствующей психологической модели.;Стиль жизни | Самопознание;Альфред Адлер;B040 PDF p.216;"Практическое/проективное задание,не эмпирический эксперимент. Автор признает отсутствие строгой однозначной интерпретации проективных тестов; выводы о человеке и пригодность для кадрового решения не подтверждаются самим заданием."
E352;Как я себя наказываю?;exercise;;identified_narrative;Исследовать формы самонаказания и внутренние конфликты.;Авторский инструмент систематической интроспекции в рамках соответствующей психологической модели.;Самопознание | Внутренний конфликт;;B040 PDF p.223;"Практическое/проективное задание,не эмпирический эксперимент. Автор признает отсутствие строгой однозначной интерпретации проективных тестов; выводы о человеке и пригодность для кадрового решения не подтверждаются самим заданием."
E353;Экзистенциальный вызов;exercise;;identified_narrative;Размышление о полярностях существования и выборе личной позиции.;Авторский инструмент систематической интроспекции в рамках соответствующей психологической модели.;Экзистенциальные дихотомии | Самопознание;Эрих Фромм;B040 PDF p.232;"Практическое/проективное задание,не эмпирический эксперимент. Автор признает отсутствие строгой однозначной интерпретации проективных тестов; выводы о человеке и пригодность для кадрового решения не подтверждаются самим заданием."
E354;Анализ моих сновидений;exercise;;identified_narrative;"Запись сна,фрагментов и ассоциаций; поиск связи с актуальными чувствами,страхами и желаниями.";Авторский инструмент систематической интроспекции в рамках соответствующей психологической модели.;Сновидение | Бессознательное;Зигмунд Фрейд;B040 PDF p.239;"Практическое/проективное задание,не эмпирический эксперимент. Автор признает отсутствие строгой однозначной интерпретации проективных тестов; выводы о человеке и пригодность для кадрового решения не подтверждаются самим заданием."
E355;Восстановление сновидений по предположению;empirical;;identified_narrative;"Предлагается после пробуждения записать,что могло присниться; утверждается,что эксперименты показывают восстановление давних снов,но исследования не названы.";Обосновывает ведение дневника сновидений.;Сновидение | Бессознательное;;B040 PDF p.10;Неидентифицированная ссылка:авторы,выборка,дизайн и источник не указаны. Здесь регистрируется утверждение книги,а не подтвержденный результат.
E356;Кот Шрёдингера: упоминание парадокса;thought;;identified_narrative;Хрестоматийный мысленный опыт назван без воспроизведения устройства.;Вводная аналогия контринтуитивности научного знания и трудности понимания мозга. / Готовое представление не заменяет столкновения с неочевидным.;Контринтуитивность | Научная модель | Несодержательное мышление | Научное моделирование;Эрвин Шрёдингер;B003 PDF p.7 | B044 §00096;"Мысленный или иллюстративный пример, не отдельное эмпирическое доказательство. Реакции персонажей, названные автором, нельзя считать результатами описанного контролируемого исследования. В данной книге это краткая иллюстративная отсылка; не самостоятельный физический довод о психике."
E357;Нагель: что значит быть летучей мышью;thought;;identified_narrative;"Мысленная постановка проблемы субъективной точки зрения другого существа; приводится в сноске к спору о трудной проблеме сознания.";Позиция сторонников несводимости сознания дана в критическом философском контексте.;Сознание | Субъективность | Трудная проблема сознания;Томас Нагель;B003 PDF p.125;Мысленный или иллюстративный пример, не отдельное эмпирическое доказательство. Реакции персонажей, названные автором, нельзя считать результатами описанного контролируемого исследования.
E358;Сёрль: китайская комната;thought;;identified_narrative;"Мысленный опыт кратко упомянут как обмен знаками, лишенными понимания; устройство опыта не воспроизводится.";Контраст между формальным обменом знаками и передачей конкретных смыслов в общении.;Смысл | Язык | Сознание;Джон Сёрль;B003 PDF p.216;Мысленный или иллюстративный пример, не отдельное эмпирическое доказательство. Реакции персонажей, названные автором, нельзя считать результатами описанного контролируемого исследования.
E359;Бети 2014: совместная активация сетей при креативности;empirical;;identified_narrative;"Креативные задания и визуализация совместной активности дефолт-системы и исполнительной сети; сравнение режимов работы мозга.";Совместная работа сетей при целенаправленном мышлении, а не простое противопоставление отдыха и задачи.;ДСМ | ЦИС | Креативность;Роджер Бети;B003 PDF p.34 | B007 PDF p.65;"Реконструкция использования в книге; первичное исследование здесь не проверено. Из результата не следует автоматически валидность авторского обобщения или бизнес-переноса."
E360;Канеман: умножение на прогулке;exercise;;identified_narrative;"Во время ходьбы предложить вычислить в уме 23×78; рассказ Канемана предсказывает остановку человека.";Демонстрация ограничения ресурса при сложной задаче и различия блуждания и целенаправленного мышления.;Рабочая память | Внимание | Система2;Даниэль Канеман;B003 PDF p.39;"Реконструкция использования в книге; первичное исследование здесь не проверено. Из результата не следует автоматически валидность авторского обобщения или бизнес-переноса."
E361;Броун: движение живой пыльцы и неживой глины;empirical;;identified_narrative;"Наблюдение частиц в капле под микроскопом; сравнение пыльцы с неживой глиной.";"Отказ от иллюзорного объяснения движения через внутреннюю волю; поиск невидимых действующих сил.";Реконструкция реальности | Иллюзия воли | Научная проверка;Роберт Броун | Альберт Эйнштейн;B003 PDF p.59;"Реконструкция использования в книге; первичное исследование здесь не проверено. Из результата не следует автоматически валидность авторского обобщения или бизнес-переноса."
E362;Младенец, ширма, краска и салфетка;thought;;identified_narrative;Воображаемая демонстрация: красная краска с белой салфеткой исчезают за ширмой, появляется красная либо синяя салфетка.;Предполагаемое знание младенцем физических ограничений и причинности.;Врожденные ожидания | Физическая причинность;;B003 PDF p.72;Мысленный или иллюстративный пример, не отдельное эмпирическое доказательство. Реакции персонажей, названные автором, нельзя считать результатами описанного контролируемого исследования.
E363;Младенец, арбуз, нож и книга;thought;;identified_narrative;"За ширмой арбуз с ножом либо с книгой превращается в две половины; сравнивается ожидаемая реакция младенца.";Приписываемое ребенку знание допустимого причинного воздействия объекта.;Врожденные ожидания | Физическая причинность;;B003 PDF p.72;Мысленный или иллюстративный пример, не отдельное эмпирическое доказательство. Реакции персонажей, названные автором, нельзя считать результатами описанного контролируемого исследования.
E364;Младенец, яблоко и количество;thought;;identified_narrative;Зеленое яблоко с красной краской за ширмой: появляется красное яблоко либо два зеленых.;Чувство числа и различие преобразования качества и количества.;Чувство числа | Врожденные ожидания;;B003 PDF p.73;Мысленный или иллюстративный пример, не отдельное эмпирическое доказательство. Реакции персонажей, названные автором, нельзя считать результатами описанного контролируемого исследования.
E365;Байаржон: поезд, ширма и куб;empirical;;identified_narrative;"Четырехмесячные младенцы наблюдают вагон за ширмой; вагон исчезает либо оказывается якобы прошедшим сквозь куб.";Нарушение ожидания физической непрерывности и непроницаемости.;Врожденные ожидания | Объектная постоянность | Физическая причинность;Рене Байаржон;B003 PDF p.73 | B003 PDF p.74;"Реконструкция использования в книге; первичное исследование здесь не проверено. Из результата не следует автоматически валидность авторского обобщения или бизнес-переноса."
E366;Резникова: арифметика и язык муравьев;empirical;;identified_narrative;"Эпиграф сообщает о сложении и вычитании небольших чисел муравьями; протокол в данном эпиграфе не приведен.";Вход в метафору распределенного интеллекта муравейника.;Распределенный интеллект | Нейронные сети;Жанна Резникова;B003 PDF p.78;"Текст сообщает о результате или исследовательском направлении без воспроизводимого протокола; регистрируется авторская ссылка, а не установленный здесь отдельный эксперимент. Не домысливать детали и не считать прямым доказательством бизнес-рекомендации."
E367;Макклелланд—Румельхарт: преимущество слова;empirical;;identified_narrative;Измерение времени нахождения буквы в существующем слове и в бессмысленной последовательности.;"Контекст и взаимное возбуждение элементов влияют на восприятие; предиктивное кодирование.";Предиктивное кодирование | Контекст | Нейронные сети;Джеймс Макклелланд | Дэвид Румельхарт;B003 PDF p.98;"Реконструкция использования в книге; первичное исследование здесь не проверено. Из результата не следует автоматически валидность авторского обобщения или бизнес-переноса."
E368;Чтение текста с цифрами вместо букв;exercise;;identified_narrative;Прочитать абзац, где буквенные знаки заменены визуально похожими цифрами и символами.;Мозг перестраивает распознавание в зависимости от ожидания осмысленного текста.;Предиктивное кодирование | Контекст | Язык;;B003 PDF p.99;"Реконструкция использования в книге; первичное исследование здесь не проверено. Из результата не следует автоматически валидность авторского обобщения или бизнес-переноса."
E369;Лейбниц: мыслящая мельница;thought;;identified_narrative;"Увеличить думающую машину до размеров мельницы и войти внутрь; обнаружатся лишь взаимодействующие детали.";Историческая трудность объяснения восприятия механикой и переход автора к распределенному объяснению.;Сознание | Гомункулус | Распределенный интеллект;Готфрид Вильгельм Лейбниц;B003 PDF p.117;Мысленный или иллюстративный пример, не отдельное эмпирическое доказательство. Реакции персонажей, названные автором, нельзя считать результатами описанного контролируемого исследования.
E370;Муравейник как модель распределенной сборки объекта;thought;;identified_narrative;Представить муравьев, совместно выполняющих разные роли без центрального руководителя, как модель нейронных процессов.;Интеллектуальный объект собирается распределенно, без внутреннего зрителя.;Гомункулус | Нейронные сети | Распределенный интеллект;;B003 PDF p.115;Мысленный или иллюстративный пример, не отдельное эмпирическое доказательство. Реакции персонажей, названные автором, нельзя считать результатами описанного контролируемого исследования.
E371;Селфридж: Пандемониум вместо гомункулуса;thought;;identified_narrative;Концептуальная архитектура множества специализированных демонов, распознающих признаки и конкурирующих результатами.;Устранение центрального наблюдателя через распределенную обработку информации.;Гомункулус | Распределенный интеллект | Распознавание;Оливер Селфридж;B003 PDF p.133;Мысленный или иллюстративный пример, не отдельное эмпирическое доказательство. Реакции персонажей, названные автором, нельзя считать результатами описанного контролируемого исследования.
E372;Деан: время реакции младенческой коры;empirical;;identified_narrative;Сравнение реакции префронтальной коры на изменения стимульного материала у младенцев и взрослых: около секунды против значительно меньшего времени.;Пластичность раннего мозга сопровождается низкой скоростью обработки, затем связи прореживаются.;Нейропластичность | Развитие мозга | Синаптический прунинг;Станислас Деан;B003 PDF p.161;"Реконструкция использования в книге; первичное исследование здесь не проверено. Из результата не следует автоматически валидность авторского обобщения или бизнес-переноса."
E373;Хевель—Спорнс: богатый клуб коннектома;empirical;;identified_narrative;"Модели связности локальных и общемозговых сетей, выделение сильносвязанных узлов rich-club; статья2012.";Организация сложной связности через хабы и крупные сети.;Коннектом | Нейронные сети | Сетевая организация;Мартейн ван ден Хевель | Олаф Спорнс;B003 PDF p.166;"Реконструкция использования в книге; первичное исследование здесь не проверено. Из результата не следует автоматически валидность авторского обобщения или бизнес-переноса."
E374;Пейпец: клинические поражения и круг эмоций;case;;identified_narrative;Клинические наблюдения изменений эмоциональных реакций при повреждении различных участков мозга, объединенные в анатомический круг.;"История построения модели лимбической системы; одновременно критика овеществления слова эмоция.";Лимбическая система | Эмоции | Языковая игра;Джеймс Пейпец;B003 PDF p.193;"Реконструкция использования в книге; первичное исследование здесь не проверено. Из результата не следует автоматически валидность авторского обобщения или бизнес-переноса."
E375;Удаление миндалин у крысы;empirical;;identified_narrative;Крыса после удаления миндалевидных тел проявляет необычное бесстрашие, включая контакт с кошкой.;Лимбические структуры задают значимость сигнала и безопасность, а не просто абстрактные эмоции.;Лимбическая система | Страх | Значимость;;B003 PDF p.200;"Реконструкция использования в книге; первичное исследование здесь не проверено. Из результата не следует автоматически валидность авторского обобщения или бизнес-переноса."
E376;Каплан—Гимбел—Харрис: контраргументы к убеждениям;empirical;;identified_narrative;"Либеральным участникам в фМРТ предъявляют контраргументы к политическим и неполитическим убеждениям; измеряют изменение уверенности и активацию областей.";"Политические взгляды связаны с самоощущением и внутренней стаей; сопротивление связано с ДСМ, островком и миндалиной.";ДСМ | Социальный габитус | Защита убеждений | Внутренняя стая;Джонас Каплан | Сара Гимбел | Сэм Харрис;B003 PDF p.208 | B003 PDF p.211 | B004 PDF p.191;"Реконструкция использования в книге; первичное исследование здесь не проверено. Из результата не следует автоматически валидность авторского обобщения или бизнес-переноса."
E377;Хут—де Хир—Галлант 2016: семантические карты;empirical;;identified_narrative;ФМРТ восприятия художественных текстов: 985 распространенных английских слов и более10000 связанных с ними слов объединяются в12семантических областей.;Язык формирует распределенные смысловые поля, а не хранится в двух изолированных речевых центрах.;Семантическое поле | Язык | Нейронные сети;Александр Хут | Венди де Хир | Джек Галлант;B003 PDF p.215;"Реконструкция использования в книге; первичное исследование здесь не проверено. Из результата не следует автоматически валидность авторского обобщения или бизнес-переноса."
E378;Сепарация коры и подкорки;thought;;identified_narrative;Вообразить невозможное у живого человека разделение коры и лимбических структур и рассмотреть каждую половину отдельно.;"Два зеркала имеют разные принципы моделирования; их взаимные отражения создают психическую активность.";Зеркала мозга | Корково-подкорковые отношения | Потребности;;B003 PDF p.218;Мысленный или иллюстративный пример, не отдельное эмпирическое доказательство. Реакции персонажей, названные автором, нельзя считать результатами описанного контролируемого исследования.
E379;Клауструм: флуоресцентная маркировка мышиных нейронов;empirical;;identified_narrative;"Генно-модифицированная линия мышей с флуоресцентным белком; множество срезов и3D-модель трех нейронов ограды с длинными отростками.";"Возможное место связи верхнего и нижнего зеркал; сам автор прямо говорит, что находка ничего еще не доказывает.";Клауструм | Сознание | Корково-подкорковые отношения;Кристоф Кох;B003 PDF p.235;"Реконструкция использования в книге; первичное исследование здесь не проверено. Из результата не следует автоматически валидность авторского обобщения или бизнес-переноса."
E380;Карлссон: резерпин, кролики и L-DOPA;empirical;;identified_narrative;"Измерение моноаминов после резерпина; введение обездвиженным кроликам предшественника дофамина вызывает восстановление движения.";История открытия роли дофамина и регуляторных петель.;Дофамин | Корково-подкорковые отношения | Двигательные петли;Арвид Карлссон;B003 PDF p.240;"Реконструкция использования в книге; первичное исследование здесь не проверено. Из результата не следует автоматически валидность авторского обобщения или бизнес-переноса."
E381;Хорникевич: посмертный мозг при паркинсонизме;empirical;;identified_narrative;Посмертное исследование мозга тяжелых пациентов: снижение дофамина в хвостатом ядре и скорлупе, связь с черной субстанцией.;Уточнение биологического механизма нарушения дофаминергических путей.;Дофамин | Двигательные петли;Олег Хорникевич;B003 PDF p.241 | B003 PDF p.242;"Реконструкция использования в книге; первичное исследование здесь не проверено. Из результата не следует автоматически валидность авторского обобщения или бизнес-переноса."
E382;Биркмайер—Хорникевич 1961: L-DOPA у пяти пациентов;empirical;;identified_narrative;"Пять тяжело обездвиженных пациентов получают внутривенную L-DOPA; автор описывает яркое, но временное восстановление движений, речи и эмоций.";Экспериментальная поддержка дофаминовой гипотезы и взаимосвязи двигательных и психических функций.;Дофамин | Корково-подкорковые отношения;Олег Хорникевич | Вальтер Биркмайер;B003 PDF p.242;"Реконструкция использования в книге; первичное исследование здесь не проверено. Из результата не следует автоматически валидность авторского обобщения или бизнес-переноса."
E383;Лурия: слово, электрокожное подкрепление и семантическое поле;empirical;;identified_narrative;"Условная сосудистая реакция на слово, подкрепленное электрическим воздействием; проверяется перенос на семантически, категориально и фонетически близкие слова.";Физиологическая реакция следует смысловому отношению, демонстрируя вторую сигнальную систему.;Вторая сигнальная система | Семантическое поле | Условный рефлекс;Александр Лурия;B003 PDF p.255 | B003 PDF p.256;"Реконструкция использования в книге; первичное исследование здесь не проверено. Из результата не следует автоматически валидность авторского обобщения или бизнес-переноса."
E384;Кольцова: действия с куклой и обобщение слова;empirical;;identified_narrative;"Детям предлагают разные действия с куклой: кормить, пеленать, одевать; исследуют скорость переноса названия на другие предметы данного класса.";Первосигнальное действие расширяет смысловое поле слова.;Вторая сигнальная система | Обобщение | Развитие речи;Марионилла Кольцова;B003 PDF p.257 | B003 PDF p.258;"Реконструкция использования в книге; первичное исследование здесь не проверено. Из результата не следует автоматически валидность авторского обобщения или бизнес-переноса."
E385;Кольцова: предметное и словесное объяснение значения;empirical;;identified_narrative;Сравнивается усвоение слова при предъявлении предмета и при словесном объяснении по мере взросления.;Переход от конкретного подкрепления к словесным связям второй сигнальной системы.;Вторая сигнальная система | Развитие речи;Марионилла Кольцова;B003 PDF p.258;"Реконструкция использования в книге; первичное исследование здесь не проверено. Из результата не следует автоматически валидность авторского обобщения или бизнес-переноса."
E386;Лурия: отсроченная словесная инструкция ребенку;empirical;;identified_narrative;"Прямую команду положить медведя на стол сравнивают с условием сделать это после хлопка; трехлетка может произнести запрет, но не сдержать движение.";Различие понимания речи и действительного речевого контроля поведения.;Вторая сигнальная система | Самоконтроль | Развитие речи;Александр Лурия;B003 PDF p.258;"Реконструкция использования в книге; первичное исследование здесь не проверено. Из результата не следует автоматически валидность авторского обобщения или бизнес-переноса."
E387;Детский отчет: конкретные вопросы и общий вопрос;empirical;;identified_narrative;Дети3–5лет описывают увиденное и сделанное в ответ на конкретные вопросы, но затрудняются ответить, что вообще происходило.;Несовпадение организованного речевого отчета и фактически освоенного действия.;Развитие речи | Осознание | Вторая сигнальная система;;B003 PDF p.259;"Реконструкция использования в книге; первичное исследование здесь не проверено. Из результата не следует автоматически валидность авторского обобщения или бизнес-переноса."
E388;Меерсон: одежда, посуда и кнопка;empirical;;identified_narrative;"При изображениях одежды нажатие кнопки подкрепляется, при посуде нет; дети3–5лет находят правило поведением, но объясняют его только позже.";Знание в действии предшествует формулировке словесного правила.;Вторая сигнальная система | Имплицитное научение | Развитие речи;Яков Меерсон;B003 PDF p.260;"Реконструкция использования в книге; первичное исследование здесь не проверено. Из результата не следует автоматически валидность авторского обобщения или бизнес-переноса."
E389;Зеленая лампочка: словесный сигнал и отчет о восприятии;empirical;;identified_narrative;Ребенку предъявляют словосочетание зеленая лампочка, а в отчете он утверждает, что видел зеленый свет.;Недостаточное различение перво- и второсигнальной стимуляции на раннем этапе развития.;Вторая сигнальная система | Ложная память | Развитие речи;;B003 PDF p.260;"Реконструкция использования в книге; первичное исследование здесь не проверено. Из результата не следует автоматически валидность авторского обобщения или бизнес-переноса."
E390;Кейси 2011: сорокалетнее продолжение зефирного теста;empirical;;identified_narrative;"60бывших участников исходного теста спустя40лет выполняют торможение эмоционального ответа; исследуются лобная извилина и вентральное полосатое тело.";Конфликт импульса и инструкции, устойчивость индивидуальных различий контроля.;Самоконтроль | Зеркала мозга | Отложенное вознаграждение;Би Джей Кейси;B003 PDF p.264;"Реконструкция использования в книге; первичное исследование здесь не проверено. Из результата не следует автоматически валидность авторского обобщения или бизнес-переноса."
E391;Декортикация собак и кошек;empirical;;identified_narrative;Двустороннее удаление коры у животных: сохраняются основные функции и движения, нарушаются различение стимулов и сложная ориентировка.;Соотношение подкорковой регуляции и коркового моделирования.;Корково-подкорковые отношения | Восприятие | Зеркала мозга;;B003 PDF p.269;Исторический исследовательский или клинический пример, не рекомендация вмешательства. Вывод ограничен указанными поражениями и условиями.
E392;Кёлер: транспозиция серых оттенков;empirical;;identified_narrative;"Курица получает корм за выбор светлого среди двух серых; затем прежний подкрепленный оттенок сравнивают с еще более светлым.";"Выбор зависит от отношения цветов, а не только от абсолютного стимула; гештальт и динамический стереотип.";Гештальт | Отношения | Динамический стереотип;Вольфганг Кёлер;B003 PDF p.295 | B003 PDF p.296;"Реконструкция использования в книге; первичное исследование здесь не проверено. Из результата не следует автоматически валидность авторского обобщения или бизнес-переноса."
E393;Пиаже: игрушечные поезда и время пути;empirical;;identified_narrative;"Дети наблюдают поезда, прошедшие разные расстояния; сравниваются возрастные ошибки смешения пути и длительности, исчезающие около11–12лет.";Концепт времени развивается на основе более ранних нейрофизиологических функций.;Время | Развитие мышления;Жан Пиаже;B003 PDF p.322;"Реконструкция использования в книге; первичное исследование здесь не проверено. Из результата не следует автоматически валидность авторского обобщения или бизнес-переноса."
E394;Аймара: жесты о прошлом и будущем;empirical;;identified_narrative;"Антропологическое описание: жестами обозначают прошлое перед собой, будущее позади; протокол здесь краток.";Пространственная организация временного концепта не универсальна.;Время | Язык | Пространственное мышление;;B003 PDF p.323;"Реконструкция использования в книге; первичное исследование здесь не проверено. Из результата не следует автоматически валидность авторского обобщения или бизнес-переноса."
E395;Животные: запас инструментов и жетоны для будущего;empirical;;identified_narrative;"Обзор нескольких исследований: животные заранее готовят инструменты, выбирают будущий выигрыш; шимпанзе накапливают жетоны.";Нейрофизиологический фундамент времени и планирования предшествует человеческому словесному концепту.;Время | Планирование будущего | Сравнительная психология;;B003 PDF p.323;"Текст сообщает о результате или исследовательском направлении без воспроизводимого протокола; регистрируется авторская ссылка, а не установленный здесь отдельный эксперимент. Не домысливать детали и не считать прямым доказательством бизнес-рекомендации."
E396;Гиппокамп крысы: клетки места и времени;empirical;;identified_narrative;"Сообщается о периодической активации клеток гиппокампа при выполнении действий; отдельные авторы и протокол в тексте не развернуты.";Нейрофизиологическое чувство времени.;Время | Гиппокамп | Планирование будущего;;B003 PDF p.324;"Текст сообщает о результате или исследовательском направлении без воспроизводимого протокола; регистрируется авторская ссылка, а не установленный здесь отдельный эксперимент. Не домысливать детали и не считать прямым доказательством бизнес-рекомендации."
E397;Исихара: инсульт и ментальная линия времени;empirical;;identified_narrative;Пациенты с поражением правой теменной доли испытывают трудности пространственного расположения прошлого и будущего.;Зависимость временной модели от нейрофизиологического пространственного базиса.;Время | Пространственное мышление;Масами Исихара;B003 PDF p.325;"Реконструкция использования в книге; первичное исследование здесь не проверено. Из результата не следует автоматически валидность авторского обобщения или бизнес-переноса."
E398;Авторский эпизод: сосед по реанимации после инсульта;case;;identified_narrative;Пациент беседует и целенаправленно действует, но не удерживает события и принимает прошлое или фантазию за текущую реальность.;Различие знания и собственного опыта, нарушение сортировки событий во времени.;Время | Память | Реконструкция реальности;Андрей Курпатов;B003 PDF p.321 | B003 PDF p.320 | B003 PDF p.322 | B003 PDF p.325;"Личное наблюдение автора. Он прямо указывает, что не имел истории болезни пациента; локализация поражения остается его предположением."
E399;Реконструкция отношений по Мясищеву и BPP;exercise;;identified_narrative;"Три шага: описать себя и систему отношений на стикерах; реконструировать другого; совместить карты и увидеть действия. Используются пять принципов BPP.";Отстранение от исходной модели и поиск новой модели отношений с партнером, начальником или научным руководителем.;Факт-карта | Реконструкция реальности | BPP | Теория отношений;Владимир Мясищев;B003 PDF p.342 | B003 PDF p.347;"Реконструкция использования в книге; первичное исследование здесь не проверено. Из результата не следует автоматически валидность авторского обобщения или бизнес-переноса."
E400;Фултон: удаление лобных долей у обезьян;empirical;;identified_narrative;"Удаление префронтальных областей обезьянам; отмечаются снижение возбуждения и потери когнитивных навыков.";Исторический вход в функцию лобных долей и последствия ее потери.;Лобные доли | Целенаправленность | Самоконтроль;Джон Фултон;B004 PDF p.14;Исторический исследовательский или клинический пример, не рекомендация вмешательства. Вывод ограничен указанными поражениями и условиями.
E401;Мониш: первая серия лейкотомий;case;;identified_narrative;Два десятка хирургических вмешательств с разрушением белого вещества лобных долей у тяжелых психиатрических пациентов.;Иллюстрация потери самопроизвольной целенаправленности и катастрофы чрезмерного клинического переноса.;Лобные доли | Целенаправленность;Эгаш Мониш;B004 PDF p.14;Исторический исследовательский или клинический пример, не рекомендация вмешательства. Вывод ограничен указанными поражениями и условиями.
E402;Деан: маскированный стимул и глобальное рабочее пространство;empirical;;identified_narrative;"Слова или звуки предъявляют кратко либо маскируют; первичные сенсорные реакции сравнивают с дальнейшим распространением и осознанием.";Рекуррентная связь областей необходима для осознанной рабочей памяти.;Глобальное рабочее пространство | Сознание | Рабочая память | Рекуррентность;Станислас Деан | Бернард Баарс;B004 PDF p.33;"Реконструкция использования в книге; первичное исследование здесь не проверено. Из результата не следует автоматически валидность авторского обобщения или бизнес-переноса."
E403;Бакнер: связность сетей в норме и психозе;empirical;;identified_narrative;Сопоставление связности ДСМ, исполнительной сети и сетей внимания на большом массиве данных пациентов и нормы.;"Различение модели наличной и ожидаемой реальности; нарушение границы при гипофронтальности.";ДСМ | ЦИС | Психоз | Дескриптивное и предписывающее знание;Рэнди Бакнер;B004 PDF p.76;"Реконструкция использования в книге; первичное исследование здесь не проверено. Из результата не следует автоматически валидность авторского обобщения или бизнес-переноса."
E404;Фальк 2013: мозолистое тело Эйнштейна;empirical;;identified_narrative;Постмортальные анатомические материалы Эйнштейна сравниваются с контрольными группами молодых и пожилых людей.;Введение в межполушарную связность и ее возможную интеллектуальную роль.;Межполушарная асимметрия | Коннектом;Дин Фальк;B004 PDF p.86;"Иллюстративное анатомическое сравнение/единичный случай; нельзя выводить единственную причину интеллекта или переносить результат на оценку взрослого сотрудника."
E405;Сперри: расщепленный мозг кошки;empirical;;identified_narrative;Рассечение межполушарных связей у кошек и раздельное обучение при доступе стимула одному полушарию.;Относительная самостоятельность обработки информации в полушариях.;Межполушарная асимметрия | Зеркала мозга;Роджер Сперри;B004 PDF p.88 | B004 PDF p.93;"Реконструкция использования в книге; первичное исследование здесь не проверено. Из результата не следует автоматически валидность авторского обобщения или бизнес-переноса."
E406;Газзанига: молоток и раздельные поля зрения;empirical;;identified_narrative;"Пациентам после комиссуротомии предъявляют предмет одному полушарию; предмет может быть выбран рукой, хотя не назван словами.";"Речь и доступное действию знание расходятся; сознательный отчет не исчерпывает обработку.";Межполушарная асимметрия | Лингвистический интерпретатор | Сознание;Майкл Газзанига | Роджер Сперри;B004 PDF p.93 | B004 PDF p.95;"Реконструкция использования в книге; первичное исследование здесь не проверено. Из результата не следует автоматически валидность авторского обобщения или бизнес-переноса."
E407;Газзанига: снег, куриная лапа и лопата;empirical;;identified_narrative;"Разным полушариям предъявляют снежный пейзаж и куриную лапу; выбор лопаты объясняется левополушарным рассказом об уборке курятника.";Лингвистический интерпретатор создает связное, но фактически ложное объяснение поведения.;Лингвистический интерпретатор | Конфабуляция | Зеркала мозга;Майкл Газзанига;B004 PDF p.95;"Реконструкция использования в книге; первичное исследование здесь не проверено. Из результата не следует автоматически валидность авторского обобщения или бизнес-переноса."
E408;Орнстейн—Гэлин: ЭЭГ письма и мысленного перемещения кубиков;empirical;;identified_narrative;"У одних испытуемых ЭЭГ измеряется при письме и пространственном перемещении кубиков; сравниваются альфа- и бета-ритмы полушарий.";Функциональные различия полушарий с предостережением против бытовых ярлыков логическое и творческое.;Межполушарная асимметрия | Пространственное мышление;Роберт Орнстейн | Дэвид Гэлин;B004 PDF p.113;"Реконструкция использования в книге; первичное исследование здесь не проверено. Из результата не следует автоматически валидность авторского обобщения или бизнес-переноса."
E409;Незнакомые лица и звезды: лаборатория Пизы;empirical;;identified_narrative;Полушариям предъявляют фотографии неизвестных людей и известных звезд, сравнивают реакцию.;Гипотеза новизны справа и привычности слева.;Новизна | Межполушарная асимметрия;Элхонон Голдберг;B004 PDF p.158;"Реконструкция использования в книге; первичное исследование здесь не проверено. Из результата не следует автоматически валидность авторского обобщения или бизнес-переноса."
E410;Мартин: реальные и нереальные объекты, повтор через полчаса;empirical;;identified_narrative;"Новые изображения подписанных объектов в МРТ; реакцию при первом предъявлении сопоставляют с реакцией после получаса просмотра.";Привыкание переносит преимущественную активность от правого к левому полушарию.;Новизна | Межполушарная асимметрия | Научение;Алекс Мартин | Элхонон Голдберг;B004 PDF p.158;"Реконструкция использования в книге; первичное исследование здесь не проверено. Из результата не следует автоматически валидность авторского обобщения или бизнес-переноса."
E411;Голд: отложенная альтернативная реакция;empirical;;identified_narrative;"Повторение теста отложенной альтернативной реакции; сравнение активности правой и левой префронтальной коры до и после привыкания.";Относительная роль полушарий определяется новизной задачи, а не только ее предметом.;Новизна | Межполушарная асимметрия | Научение;Джим Голд | Элхонон Голдберг;B004 PDF p.159;"Реконструкция использования в книге; первичное исследование здесь не проверено. Из результата не следует автоматически валидность авторского обобщения или бизнес-переноса."
E412;Видео социальной ситуации и инструкция сочувствовать;empirical;;identified_narrative;"При просмотре героя в сложной ситуации участникам предлагают проявить сочувствие; отмечается активность моторных, сенсорных и подкорковых областей.";Социальные чувства включают весь мозг и подкорковую основу.;Социальный мозг | Эмпатия | Лимбическая система;;B004 PDF p.181;"Реконструкция использования в книге; первичное исследование здесь не проверено. Из результата не следует автоматически валидность авторского обобщения или бизнес-переноса."
E413;Болельщики: голы и штрафные;empirical;;identified_narrative;"Более50болельщиков наблюдают успехи и неудачи любимых команд; сопоставляются нейронные реакции.";Архаические социальные реакции и потребности имеют подкорковый базис.;Социальный мозг | Иерархический инстинкт | Лимбическая система;;B004 PDF p.181;"Реконструкция использования в книге; первичное исследование здесь не проверено. Из результата не следует автоматически валидность авторского обобщения или бизнес-переноса."
E414;Сиск 2007: развитие полового диморфизма мозга грызунов;empirical;;identified_narrative;Сопоставление размеров AVPV/преоптических ядер и их развития с гормональным фоном.;Нижнее зеркало имеет биологические программы, на которые накладывается культурная модель.;Половой диморфизм | Лимбическая система | Зеркала мозга;Черил Сиск;B004 PDF p.182;"Биологическое исследование, в одном случае прямо на грызунах. Авторский переход к широким свойствам человека и гендерным обобщениям требует отдельной проверки; не инструмент индивидуальной диагностики."
E415;Лангон—Сан-Диего 2020: задняя миндалина и половой диморфизм;empirical;;identified_narrative;"В сноске пересказывается исследование Nature Neuroscience о половых различиях задней миндалины; полного протокола нет.";Автор предполагает связь сексуального возбуждения и агрессии.;Половой диморфизм | Лимбическая система;;B004 PDF p.183;"Биологическое исследование, в одном случае прямо на грызунах. Авторский переход к широким свойствам человека и гендерным обобщениям требует отдельной проверки; не инструмент индивидуальной диагностики."
E416;Перри: КТ двух трехлетних детей;case;;identified_narrative;Иллюстративное сравнение КТ ребенка из обычной социальной среды и ребенка с тяжелой депривацией.;Показать важность ранних контактов для развития мозга.;Социальная депривация | Развитие мозга | Нейропластичность;Брюс Перри;B004 PDF p.185 | B004 PDF p.186;"Иллюстративное анатомическое сравнение/единичный случай; нельзя выводить единственную причину интеллекта или переносить результат на оценку взрослого сотрудника."
E417;Перри—Поллард:112детей до и после приемной семьи;empirical;;identified_narrative;Рост, вес и лобно-затылочную окружность112детей измеряют до устройства в семью и спустя год.;Возможность восполнения ущерба зависит от возраста возвращения контактов.;Социальная депривация | Развитие мозга | Нейропластичность;Брюс Перри | Ронни Поллард;B004 PDF p.186;"Реконструкция использования в книге; первичное исследование здесь не проверено. Из результата не следует автоматически валидность авторского обобщения или бизнес-переноса."
E418;Брушлинский: свеча в невесомости и подсказки;empirical;;identified_narrative;"Группы решают разные формулировки задачи, где исход известен или неизвестен; получают задачи о конвекции, диффузии и давлении, рассуждают вслух.";"Мышление строит искомое будущее без готового конечного эталона; решение меняет саму задачу.";Мышление и прогнозирование | Планирование будущего | Проблема | Акцептор результата действия;Андрей Брушлинский;B004 PDF p.245 | B004 PDF p.244 | B004 PDF p.246;"Реконструкция использования в книге; первичное исследование здесь не проверено. Из результата не следует автоматически валидность авторского обобщения или бизнес-переноса."
E419;Выготский: отсутствующий карандаш и эгоцентрическая речь;empirical;;identified_narrative;"Во время рисования ребенку намеренно не дают нужный карандаш или бумагу; фиксируется речь о препятствии и план его обхода.";"Мысль начинается с препятствия; внешняя речь преобразуется во внутреннюю и регулирует решение.";Внутренняя речь | Препятствие | Развитие мышления;Лев Выготский;B004 PDF p.266;"Реконструкция использования в книге; первичное исследование здесь не проверено. Из результата не следует автоматически валидность авторского обобщения или бизнес-переноса."
E420;Ньюпорт: взросление и латерализация языка;empirical;;identified_narrative;"Дети5–19лет слушают простые утверждения и нажимают при согласии; контроль — обращенная запись и условный сигнал.";"Постепенная латерализация смысловой обработки; автор связывает ее с развитием внутренней речи.";Межполушарная асимметрия | Развитие речи | Внутренняя речь;Элисса Ньюпорт;B004 PDF p.269;"Реконструкция использования в книге; первичное исследование здесь не проверено. Из результата не следует автоматически валидность авторского обобщения или бизнес-переноса."
E421;Мир без левого полушария;thought;;identified_narrative;"Вообразить устранение левого полушария без физических последствий; снежная улица и лопата непосредственно побуждали бы к действию.";Сопоставление фактического столкновения с реальностью и рационализирующего интерпретатора.;Зеркала мозга | Лингвистический интерпретатор | Действие;;B004 PDF p.286;"Реконструкция использования в книге; первичное исследование здесь не проверено. Из результата не следует автоматически валидность авторского обобщения или бизнес-переноса."
E422;Распаковка цели сообщения;exercise;;identified_narrative;"Уточнять контекст, сопоставлять заявленные установки и действия; формировать гипотезы о цели, которую пытаются достичь сообщением.";Первый инструментальный шаг понимания сообщения через верхнее и нижнее зеркала.;Распаковка смысла | Потребности | Контекст;Андрей Курпатов;B004 PDF p.295;"Авторский инструмент интерпретации; скрытая цель является гипотезой. Следует проверять ее контекстом и дополнительными сведениями; без этого чтение чужих мотивов становится самоподтверждающейся догадкой."
E423;Распаковка автора сообщения как проекта;exercise;;identified_narrative;Выяснить желаемое изменение ситуации, соотнести рассказ о прошлом с искомым образом будущего и своим Я в глазах других.;Второй шаг использует переднее и заднее зеркала, время и самопрезентацию.;Распаковка смысла | Искомое Я | Планирование будущего;Андрей Курпатов;B004 PDF p.298;"Авторский инструмент интерпретации; скрытая цель является гипотезой. Следует проверять ее контекстом и дополнительными сведениями; без этого чтение чужих мотивов становится самоподтверждающейся догадкой."
E424;Распаковка сути сообщения и индивидуальный граф понятий;exercise;;identified_narrative;"Сравнить лингвистическую картину с действиями, реакциями и контекстом; восстановить индивидуальные семантические поля и связи понятий.";Третий шаг делает понятным смысл знака в модели конкретного автора сообщения.;Распаковка смысла | Семантическое поле | Индивидуальный граф понятий | Контекст;Андрей Курпатов;B004 PDF p.301 | B004 PDF p.302;"Авторский инструмент интерпретации; скрытая цель является гипотезой. Следует проверять ее контекстом и дополнительными сведениями; без этого чтение чужих мотивов становится самоподтверждающейся догадкой."
E425;Дьюк 2018: противоположная политическая лента Twitter;empirical;;identified_narrative;"Демократам и республиканцам увеличивают долю сообщений противоположной политической ориентации; оценивают изменение поляризации.";Противоположная информация способна укреплять существующий дискурс, а не автоматически менять убеждение.;Защита убеждений | Поляризация | Дискурс;Кристофер Бейл;B045 PDF p.103 | B045 PDF p.469;"Реконструкция использования в книге; первичное исследование здесь не проверено. Из результата не следует автоматически валидность авторского обобщения или бизнес-переноса."
E426;Крупенье—Хейр 2018: бонобо выбирают помощника или агрессора;empirical;;identified_narrative;"Детям и бонобо демонстрируют персонажей в разных социальных ролях; сравнивают предпочтение помощника/нейтрального и хулигана/агрессора.";Миролюбие приматов интерпретируется как умиротворяющая стратегия в иерархии, а не чистый альтруизм.;Иерархический инстинкт | Социальный мозг | Власть;Кристофер Крупенье | Брайан Хейр;B045 PDF p.242 | B045 PDF p.480;"Реконструкция использования в книге; первичное исследование здесь не проверено. Из результата не следует автоматически валидность авторского обобщения или бизнес-переноса."
E427;Ганье—Радомски 2017: убеждения об утрате контроля;empirical;;identified_narrative;"Манипуляция убеждением, что человек теряет контроль; исследуется усиление проверочного поведения. Текст не дает полного протокола.";Объяснить силу невидимой символической власти через страх потери контроля.;Контроль | Символическая власть | Стресс;Жан-Филипп Ганье | Адам Радомски;B045 PDF p.256 | B045 PDF p.481;Эксперимент о проверочном поведении не равен доказательству возникновения клинического ОКР или панического расстройства. Авторское обобщение в тексте шире указанного исследовательского дизайна.
E428;Фестингер: исследования когнитивного диссонанса;empirical;;identified_narrative;"Перечисление исследователей социальной психологии с отсылкой к теории когнитивного диссонанса; конкретный эксперимент не указан.";Поддержать тезис о слабости сознательного контроля и зависимости поведения от социальной ситуации.;Когнитивный диссонанс | Социальная ситуация | Габитус;Леон Фестингер;B045 PDF p.299;"Текст сообщает о результате или исследовательском направлении без воспроизводимого протокола; регистрируется авторская ссылка, а не установленный здесь отдельный эксперимент. Не домысливать детали и не считать прямым доказательством бизнес-рекомендации."
E429;Дарли—Бэтсон 1973: из Иерусалима в Иерихон;empirical;;identified_narrative;"В основном тексте имена перечислены без протокола; библиография ссылается на From Jerusalem to Jericho.";Поведение зависит от ситуации вопреки декларируемым этическим представлениям.;Социальная ситуация | Помощь | Габитус;Джон Дарли | Дэниел Бэтсон;B045 PDF p.299 | B045 PDF p.484;"Реконструкция использования в книге; первичное исследование здесь не проверено. Из результата не следует автоматически валидность авторского обобщения или бизнес-переноса."
E430;Разумность приматов через обман;empirical;;identified_narrative;"Автор ссылается на эксперименты, где обезьянам дают возможность продуманно обмануть; протоколы и исследователи не названы.";Обман представлен как эволюционно ранняя интеллектуальная стратегия, влияющая на природу доверия.;Доверие | Обман | Социальный мозг;;B045 PDF p.368;"Текст сообщает о результате или исследовательском направлении без воспроизводимого протокола; регистрируется авторская ссылка, а не установленный здесь отдельный эксперимент. Не домысливать детали и не считать прямым доказательством бизнес-рекомендации."
E431;Студенты-экономисты и недоверие;empirical;;identified_narrative;"Сообщается о сравнении студентов разных направлений по недоверию; детали измерения и первоисточник здесь не названы.";Проблематизация доверия как валюты финансовой системы.;Доверие | Финансовая система | Социальные стратегии;;B045 PDF p.368;"Текст сообщает о результате или исследовательском направлении без воспроизводимого протокола; регистрируется авторская ссылка, а не установленный здесь отдельный эксперимент. Не домысливать детали и не считать прямым доказательством бизнес-рекомендации."
E432;Деньги как ресурс: уникальный печатный станок;thought;;identified_narrative;Вообразить деньги, производимые возобновляемо, уникальным станком, включенным в экономику, признаваемые ценностью и связанные с актором.;Вывод пяти критериев ресурса: возобновляемость, уникальность, интегрированность, влиятельность, неотчуждаемость.;Актор и ресурс | Интеллектуальный ресурс | Капитал3.0 | Планирование будущего;Андрей Курпатов;B045 PDF p.421 | B045 PDF p.422;"Реконструкция использования в книге; первичное исследование здесь не проверено. Из результата не следует автоматически валидность авторского обобщения или бизнес-переноса."
E433;Edelman2020: барометр доверия;empirical;;identified_narrative;"Опросный показатель доверия к институтам; в книге используется показатель как диагноз кризиса традиционных посредников.";Социальные сети становятся инструментом политиков, лишенных прежнего доверия.;Доверие | Цифровая среда | Власть;;B045 PDF p.39;"Реконструкция использования в книге; первичное исследование здесь не проверено. Из результата не следует автоматически валидность авторского обобщения или бизнес-переноса."
E434;Deep Blue и AlphaGo: машинное превосходство в игре;case;;identified_narrative;"Исторические демонстрации побед игровых систем над человеком; используются как уже осуществившиеся технологические события.";Радикальность цифровой волны и невозможность понимать настоящее привычной линейной моделью.;Искусственный интеллект | Цифровая волна | Цивилизационный кризис;;B045 PDF p.8;"Реконструкция использования в книге; первичное исследование здесь не проверено. Из результата не следует автоматически валидность авторского обобщения или бизнес-переноса."
E435;Ньюберг и Уолдман: мозг молящихся и медитирующих;empirical;;identified_narrative;Сопоставление активности мозга при молитве, медитации и монотонном повторении текста.;Перенос вопроса веры в плоскость механизмов мозга и критика самообмана.;Мозг и сознание | Самообман;Эндрю Ньюберг | Марк Уолдман;B002 §00096;"Пересказ в книге; первичная научная публикация для этой записи отдельно не проверена."
E436;Бахрик: воспоминания о школьных оценках;observational;;identified_narrative;"Студенты вспоминают школьные отметки; точность сравнивается с результатами.";Избирательная реконструкция памяти в пользу благоприятного образа себя.;Реконструктивная память | Самообман;Гарри Бахрик;B002 §00105;"Пересказ в книге; первичная научная публикация для этой записи отдельно не проверена."
E437;Плассманн: цена вина и удовольствие;empirical;;identified_narrative;"Одинаковое вино представляется с разными ценами; сравниваются оценки вкуса.";"Ценник меняет восприятие; экспертная уверенность не защищает от ожиданий.";Когнитивные искажения | Восприятие как реконструкция;Хилке Плассманн;B002 §00112;"В книге испытуемые названы профессиональными сомелье. Первичная работа 2008 описывает 20 участников, любящих вино; статус сомелье не подтверждается. Не выводить отсюда ненужность всей экспертизы."
E438;Канеман: чашки и эффект владения;empirical;;identified_narrative;"Одной группе дарят кружки; сравнивают цену продажи владельцев и цену покупки других участников.";Оценка вещи зависит от обладания, а не только от свойств.;Когнитивные искажения | Эффект владения;Даниэль Канеман;B002 §00115;"Пересказ в книге; первичная научная публикация для этой записи отдельно не проверена."
E439;Музыкальные треки: фМРТ и будущие продажи;empirical;;identified_narrative;"Молодые люди слушают неизвестные треки; субъективные оценки и мозговая активность сравниваются с последующим успехом.";Недостаточность сознательных самоотчётов для объяснения потребительского поведения.;Самоотчёт и поведение | Нейромаркетинг;;B002 §00365;Авторы и точная первичная статья в приведённом месте не названы. Отказ бизнеса от всех фокус-групп является обобщением автора, не результатом одного дизайна.
E440;Дейкстерхёйс и Нордгрен: выбор квартиры после отвлечения;empirical;;identified_narrative;Выбор между квартирами сразу, после сознательного обдумывания либо после отвлекающего задания.;"Мозгу нужно время для интеграции; сознательное перебирание не тождественно мышлению.";Неосознаваемая интеграция | Мышление как процесс;Ап Дейкстерхёйс | Лоран Нордгрен;B002 §00399;"Пересказ в книге; первичная научная публикация для этой записи отдельно не проверена."
E441;Стробоскопическое движение и изменение цвета;demonstration;;identified_narrative;Две разнесённые по месту и времени точки разных цветов воспринимаются как движущийся объект, меняющий цвет.;Целостное восприятие конструируется, а не просто считывается.;Восприятие как реконструкция | Мозг и сознание;;B002 §00443;"Пересказ в книге; первичная научная публикация для этой записи отдельно не проверена."
E442;Гетелс и Рекман: изменение позиции и памяти о басинге;empirical;;identified_narrative;Первичный опрос, групповое убеждение агентом, затем воспоминание о прежней позиции.;Сознание переписывает собственную историю вслед за новой установкой.;Реконструктивная память | Социальное влияние;Джордж Гетелс | Ричард Рекман;B002 §00454;"Пересказ в книге; первичная научная публикация для этой записи отдельно не проверена."
E443;Студентки Гарварда: объяснения настроения и дневниковые данные;observational;;identified_narrative;Предположения об источниках настроения сравниваются с фиксируемыми факторами и настроением на протяжении месяцев.;Самопонимание часто воспроизводит общие культурные объяснения.;Самоотчёт и поведение | Самообман;;B002 §00585 | B041 §01006;У автора нет первичной библиографии в данном месте. Это наблюдательное сопоставление, не доказательство полной недоступности любых собственных состояний.
E444;Котята в среде вертикальных или горизонтальных полос;empirical;;identified_narrative;Раннее зрительное окружение ограничивается определённой ориентацией линий.;Окна развития и формирование мозговых связей под действием опыта.;Нейропластичность | Обучение и развитие;;B002 §00861;"Пересказ в книге; первичная научная публикация для этой записи отдельно не проверена."
E445;Шелтон: осведомлённый участник в роли экспериментатора;empirical;;identified_narrative;После объяснения Милгрэма участник контролирует подсадных учителя и ученика, побуждая продолжать.;Знание механизма влияния само по себе не устраняет подчинение.;Социальное влияние | Авторитет и ответственность | Самообман;Джорджия Шелтон;B041 §00770;"Пересказ в книге; первичная научная публикация для этой записи отдельно не проверена."
E446;Кэлхун: Вселенная-25;empirical;;identified_narrative;"Замкнутая популяция грызунов обеспечена ресурсами; отслеживается изменение социальной организации и воспроизводства.";Изобилие не заменяет деятельность, отношения и борьбу за задачи.;Социальность | Мотивация и потребности;Джон Кэлхун;B002 §01307;В книге говорится о крысах, включая сноску. Первичная статья Death Squared 1973 описывает мышей. Перенос на человеческие общества является аналогией автора, не прямым экспериментом над людьми.
E447;Шульц: ожидаемый и неожиданный сок у макак;empirical;;identified_narrative;Дофаминовая реакция на получение и предвосхищение награды.;Удовольствие связано с ожиданием, а не равнозначно постоянному счастью.;Предсказание награды | Мотивация и потребности;Вольфрам Шульц;B002 §01863;"Пересказ в книге; первичная научная публикация для этой записи отдельно не проверена."
E448;Шульц: виноградный и более привлекательный сок;empirical;;identified_narrative;Реакция на привычную награду меняется после знакомства с более привлекательной.;Возрастающие ожидания перестраивают удовлетворённость.;Предсказание награды | Относительность ценности;Вольфрам Шульц;B002 §01900;"Пересказ в книге; первичная научная публикация для этой записи отдельно не проверена."
E449;Патнем: гипноз и воспоминания об автоаварии;empirical;;identified_narrative;Показ видеоаварии, первый отчёт о деталях, затем гипноз и повторный отчёт.;Живость воспоминания не гарантирует его точность.;Реконструктивная память | Самообман;Билл Патнем;B002 §02074;"Пересказ в книге; первичная научная публикация для этой записи отдельно не проверена."
E450;Лофтус: красно-оранжевый круг, помидор и апельсин;empirical;;identified_narrative;"Один цветовой стимул называется по-разному; затем участник выбирает запомнившийся цвет.";Языковая категория меняет запоминаемое восприятие.;Реконструктивная память | Язык и интеллектуальные объекты;Элизабет Лофтус;B002 §02091;"Пересказ в книге; первичная научная публикация для этой записи отдельно не проверена."
E451;Гарвардское исследование взрослого развития;observational;;identified_narrative;Многолетнее прослеживание жизни 724 человек, их отношений и жизненных исходов.;Значение связей с другими людьми для качества жизни.;Социальность | Отношения и благополучие;Роберт Уолдингер;B002 §02205;"Лонгитюдное наблюдение; книга называет его экспериментом, но причинный вывод из корреляций ограничен."
E452;Кляйн: принятие решений опытными пожарными;observational;;identified_narrative;Опрашиваются опытные пожарные о действиях в сложных ситуациях.;Натренированные автоматизмы и распознавание ситуации предшествуют словесному объяснению.;Автоматизмы | Экспертное распознавание;Гэри Кляйн;B041 §00803;"Пересказ в книге; первичная научная публикация для этой записи отдельно не проверена."
E453;Клифтон: программа изучения сильных сторон;observational;;identified_narrative;Пересказ многолетней работы о сильных сторонах и эффективности команд, без единого контролируемого протокола.;Продуктивная ставка на способности и комплементарность членов команды.;Социальность | Сильные стороны;Дональд Клифтон;B041 §01618;"Пересказ в книге; первичная научная публикация для этой записи отдельно не проверена."
E454;Друзья и знакомые: парное решение заданий;empirical;;identified_narrative;Пары друзей и знакомых выполняют индивидуальные и совместные задания.;Качество связи между людьми может повышать совместную эффективность.;Социальность | Совместное мышление;;B041 §01629;"Пересказ в книге; первичная научная публикация для этой записи отдельно не проверена."
E455;Аник: благотворительное расходование банковских бонусов;empirical;;identified_narrative;"Сотрудникам банка предлагают тратить часть бонуса на благотворительность; измеряют удовлетворённость.";Просоциальное действие создаёт ощущение общности.;Социальность | Просоциальная мотивация;Лалия Аник;B041 §01683;"Пересказ в книге; первичная научная публикация для этой записи отдельно не проверена."
E456;Аник: бонусы на товарищей по спортивной команде;empirical;;identified_narrative;"Бонус расходуется на другого участника команды; сравниваются командные показатели.";Отношения участников могут усиливать общую эффективность.;Социальность | Просоциальная мотивация;Лалия Аник;B041 §01686;"Пересказ в книге; первичная научная публикация для этой записи отдельно не проверена."
E457;Аник: бонусы на коллег у менеджеров по продажам;empirical;;identified_narrative;"Бонус менеджера используется для коллег; наблюдаются результаты следующего периода.";Даже конкурентная деятельность может выигрывать от просоциальных отношений.;Социальность | Просоциальная мотивация;Лалия Аник;B041 §01688;"Пересказ в книге; первичная научная публикация для этой записи отдельно не проверена."
E458;Анохин: изменение иннервации сгибания лапы кошки;empirical;;identified_narrative;"Меняются связи нервов так, чтобы прежняя команда сгибания вызывала другое движение; отслеживается восстановление.";Поведение корректируется обратной связью и моделью желаемого результата.;Функциональные системы | Акцептор результата действия | Нейропластичность;Пётр Анохин;B041 §01744;"Пересказ в книге; первичная научная публикация для этой записи отдельно не проверена."
E459;Вуд и Бандура: менеджеры в компьютерной фирме;empirical;;identified_narrative;Студентам MBA дают модель управления компанией, предъявляя способности как врождённые или развиваемые.;Отношение к способности учиться меняет стратегию и эффективность.;Самоэффективность | Обучение и развитие;Роберт Вуд | Альберт Бандура;B041 §01824;"Пересказ в книге; первичная научная публикация для этой записи отдельно не проверена."
E460;Когнитивная нагрузка: семизначное число и шоколадный кекс;empirical;;identified_narrative;После запоминания короткого либо длинного числа участник выбирает перекус.;Саморегуляция зависит от доступного ресурса, а не только от декларируемого намерения.;Саморегуляция | Когнитивная нагрузка;;B041 §02018;"Пересказ в книге; первичная научная публикация для этой записи отдельно не проверена."
E461;Крис Мартин: шимпанзе в игре предсказания выбора;empirical;;identified_narrative;Шимпанзе и люди соревнуются в игре прогнозирования действия противника.;Иная организация обработки информации может выигрывать у человеческой.;Иное восприятие | Мышление как процесс;Крис Мартин;B044 §00112;"Пересказ в книге; первичная научная публикация для этой записи отдельно не проверена."
E462;Дэвидсон и Экман: ЭЭГ и эмоции;empirical;;identified_narrative;Эмоциональные состояния сопоставляются с префронтальной активностью полушарий.;"Эмоции и мышление интегрированы; индивидуальные различия не сводятся к разум/чувства.";Эмоции и мышление | Сети мозга и творчество;Ричард Дэвидсон | Пол Экман;B044 §00424;"Пересказ в книге; первичная научная публикация для этой записи отдельно не проверена."
E463;Дэвидсон: девятимесячный ребёнок при уходе матери;empirical;;identified_narrative;ЭЭГ и поведение ребёнка регистрируют до и после выхода матери из комнаты.;"Различия в социальной ориентированности; автор связывает их с невротическим радикалом.";Индивидуальные различия | Социальность | Радикалы мышления;Ричард Дэвидсон;B044 §00438;Авторская типология не получает автоматического подтверждения из одного младенческого эксперимента.
E464;Горячая колба и восстановление мигательного рефлекса;empirical;;identified_narrative;Тепловое воздействие и последующее восстановление мигательного рефлекса используются как оценка чувствительности.;Различие субъективного самоотчёта и физиологической реактивности.;Самоотчёт и поведение | Индивидуальные различия;;B044 §00478;"Первичный протокол и авторы в данном месте не названы; не использовать эту запись как клиническую методику."
E465;Леду и Газзанига: эмоция без знания её стимула;empirical;;identified_narrative;"Эмоциональное видео предъявляется правому полушарию расщеплённого мозга; левое описывает чувство, но не увиденную сцену.";Разведение декларативного объяснения и эмоционального научения.;Мозг и сознание | Самоотчёт и поведение | Разделённый мозг;Джозеф Леду | Майкл Газзанига;B044 §00519;"Пересказ в книге; первичная научная публикация для этой записи отдельно не проверена."
E466;Софи Скотт: естественный и наигранный смех;empirical;;identified_narrative;"Слушателям предъявляют виды смеха; сравнивают активность мозговых областей.";Социальный сигнал анализируется и как звук, и как намерение другого.;Социальность | Модель другого;Софи Скотт;B044 §00640;"Пересказ в книге; первичная научная публикация для этой записи отдельно не проверена."
E467;Блум: копия ложки знаменитого владельца;empirical;;identified_narrative;"Бутофорский копир создаёт копию предмета; дети оценивают обычную ложку и ложку королевы.";Сущность приписывается предмету через историю социальных отношений.;Эссенциализм | Радикалы мышления;Пол Блум;B044 §02049;"Пересказ в книге; первичная научная публикация для этой записи отдельно не проверена."
E468;Блум и Худ: копирование хомяка;empirical;;identified_narrative;Детям предъявляют будто бы скопированного хомяка и спрашивают о тождестве.;Интуитивное разделение телесной копии и внутренней сущности.;Эссенциализм | Я как конструкция;Пол Блум | Брюс Худ;B044 §02056;"Пересказ в книге; первичная научная публикация для этой записи отдельно не проверена."
E469;Блум: копирование любимой игрушки;empirical;;identified_narrative;"Предлагается копировать эмоционально значимую игрушку; выбирают оригинал либо копию.";Биография и привязанность определяют ценность вещи.;Эссенциализм | Относительность ценности;Пол Блум;B044 §02059 | B044 §02683;"Пересказ в книге; первичная научная публикация для этой записи отдельно не проверена."
E470;Внутренности и внешние признаки собаки;empirical;;identified_narrative;Детей спрашивают о тождестве собаки после изменения внутренностей либо внешних признаков.;Интуитивный эссенциализм и предполагаемая внутренняя сущность.;Эссенциализм;;B044 §02678;"Пересказ в книге; первичная научная публикация для этой записи отдельно не проверена."
E471;Хэмлин: помощник и препятствующая фигура;empirical;;identified_narrative;Младенец наблюдает фигуру на холме и выбирает помогавшую либо мешавшую игрушку.;Социальная реконструкция и возникновение оценочных сущностей.;Модель другого | Социальность | Эссенциализм;Кили Хэмлин | Карен Уинн | Пол Блум;B044 §02078 | B025 PDF p.20;"Пересказ в книге; первичная научная публикация для этой записи отдельно не проверена."
E472;Фишер: Google и иллюзия собственного знания;empirical;;identified_narrative;"Одни участники отвечают с поиском в интернете; затем оценивают собственную компетентность.";Внешний информационный ресурс ошибочно присваивается как внутреннее знание.;Цифровая среда | Самообман | Когнитивные искажения;Мэтью Фишер;B024 §01551;"Пересказ в книге; первичная научная публикация для этой записи отдельно не проверена."
E473;Фишер: выбор изображения активности собственного мозга;empirical;;identified_narrative;После интернет-поиска участники выбирают томографическое изображение, якобы показывающее их мозг.;Иллюзия интенсивности собственного мышления при использовании поиска.;Цифровая среда | Самоотчёт и поведение;Мэтью Фишер;B024 §01557;"Пересказ в книге; первичная научная публикация для этой записи отдельно не проверена."
E474;Финляндия: пилот безусловного базового дохода;empirical;;identified_narrative;Автор ссылается на эксперимент с регулярной выплатой добровольцам, не приводя результатов.;Обсуждение будущей занятости и социальной организации при автоматизации.;Цифровая среда | Социальные изменения;;B024 §02026;"Книга описывает текущий на момент написания пилот; это не сообщение о его итоговой эффективности."
E475;Деннет: мозг и тело в разных местах;thought;;identified_narrative;"Мозг остаётся в лаборатории, тело выполняет задание; человек смотрит на собственный мозг.";Воспринимаемый мозг сам является внутренней моделью, а не прямым доступом к реальности.;Восприятие как реконструкция | Я как конструкция;Дэниел Деннет;B025 PDF p.18 | B042 PDF p.487;"Пересказ в книге; первичная научная публикация для этой записи отдельно не проверена."
E476;Единый микрофизический мир вместо макромира;thought;;identified_narrative;Рассмотреть тело и объекты без привычного выделения макроуровня.;Границы предметов и уровней зависят от психической организации.;Интеллектуальные объекты | Несодержательное мышление;;B025 PDF p.36 | B042 PDF p.517;"Пересказ в книге; первичная научная публикация для этой записи отдельно не проверена."
E477;Доязыковое племя и отношения сил;thought;;identified_narrative;Вообразить примата в социальной группе без развитого языка.;"Язык упрощает отношения; попытка реконструировать среду до готовых категорий.";Язык и интеллектуальные объекты | Социальность | Несодержательное мышление;Робин Данбар | Ноам Хомский;B025 PDF p.75 | B042 PDF p.588;Автор сам оговаривает ограниченную корректность модели племени без языка, PDF p.78.
E478;Комната Эймса;demonstration;;identified_narrative;Геометрия комнаты создаёт иллюзию роста людей.;Привычная модель пространства определяет восприятие.;Восприятие как реконструкция;Адельберт Эймс;B042 PDF p.72;"Пересказ в книге; первичная научная публикация для этой записи отдельно не проверена."
E479;Зенон: Ахиллес и черепаха;thought;;identified_narrative;Движение разбивается на последовательность пространственных отрезков.;Статичная модель процесса не равна реальному процессу.;Интеллектуальные объекты | Несодержательное мышление;Зенон;B042 PDF p.73;"Пересказ в книге; первичная научная публикация для этой записи отдельно не проверена."
E480;Слепое пятно и мысленно достроенное изображение;demonstration;;identified_narrative;Автор сопоставляет ограниченность зрительных входов и субъективную целостность картинки.;Внутренние объекты реконструируют доступный мир.;Восприятие как реконструкция | Интеллектуальные объекты;;B042 PDF p.115;"Пересказ в книге; первичная научная публикация для этой записи отдельно не проверена."
E481;Подмена собеседника при объяснении дороги;empirical;;identified_narrative;"Незнакомец, спрашивающий дорогу, заменяется другим человеком; собеседник может не заметить замены.";Работа с внутренней моделью вместо непрерывного отслеживания всех деталей.;Восприятие как реконструкция | Слепота к изменениям;;B042 PDF p.116;"Пересказ в книге; первичная научная публикация для этой записи отдельно не проверена."
E482;Шимпанзе: распознавание намерений и обмана;review;;identified_narrative;Краткий пересказ исследований обмана и распознавания намерений без одного названного протокола.;Зачатки модели другого предшествуют человеческому языковому мышлению.;Модель другого | Социальность;;B042 PDF p.181;"Пересказ в книге; первичная научная публикация для этой записи отдельно не проверена."
E483;Томаселло: младенческая совместная интенция;review;;identified_narrative;"Ссылка на эксперименты, где ребёнку важно, чтобы взрослый разделял его намерение; протокол не раскрыт.";Совместная интенциональность как условие человеческой социальности.;Модель другого | Совместное мышление;Майкл Томаселло;B042 PDF p.374;"Пересказ в книге; первичная научная публикация для этой записи отдельно не проверена."
E484;Фейнман и Сасскинд: электронное рассеяние на протоне;empirical;;identified_narrative;Удар электроном по протону и попытка объяснить наблюдаемые закономерности.;Пример реконструкции знания и принципиального вопроса за расчётной моделью.;Несодержательное мышление | Научное моделирование;Ричард Фейнман | Леонард Сасскинд;B042 PDF p.454;"Пересказ в книге; первичная научная публикация для этой записи отдельно не проверена."
E485;Стул: различие образов у разных людей;exercise;;identified_narrative;Попросить людей описать, что приходит им в голову при слове стул.;Значение слова не гарантирует общего интеллектуального объекта.;Язык и интеллектуальные объекты | Индивидуальные различия;;B044 §01528;"Пересказ в книге; первичная научная публикация для этой записи отдельно не проверена."
E486;Отказ от автоматического рукопожатия;exercise;;identified_narrative;Попробовать не ответить привычным движением на протянутую руку.;Переживание силы собственного автоматизма.;Автоматизмы | Саморегуляция;;B024 §00963;"Пересказ в книге; первичная научная публикация для этой записи отдельно не проверена."
E487;Думать о любви и думать любовь;thought;;identified_narrative;Сопоставить теоретическое определение чувства с переживаемым объектом любви.;Различие содержаний при единой работе интеллектуальной функции.;Интеллектуальные объекты | Мышление как процесс;;B042 PDF p.100;"Пересказ в книге; первичная научная публикация для этой записи отдельно не проверена."
E488;Переозначивание отношений с родителями;thought;comparative interpretation;identified_narrative;Мысленно сравниваются одни родительские отношения в рамке благодарности, эдипова комплекса и позитивной психотерапии. Независимая выборка, вмешательство и измеренный эффект не предъявлены.;Отделить технику смены означающего от истинности объясняющей теории и показать предполагаемое влияние когнитивной рамки на поведение.;Переозначивание | Означающее | Означаемое | Тенденциозный отбор фактов;Жак Лакан | Зигмунд Фрейд | Умберто Эко | Х. Пезешкиан;B043 PDF p.62 | B043 PDF p.63;Это иллюстративный мысленный пример из перепечатанной статьи2000года, не клиническое испытание и не установление бессознательных мотивов конкретного человека.
E489;Профессорский разбор одного пациента;case;autobiographical clinical conference;identified_narrative;Рассказ о серии профессиональных разборов одного пациента: разные специалисты применяют органические, патогенетические и психоаналитические наборы концептов и формируют несовпадающие объяснения. Дизайн контролируемого исследования не задан.;Показать, что общий язык диагноза скрывает разные способы думать и что знание концепта отличается от знания терминологического определения.;Способы думать | Профессиональный концепт | Многоголосица | Один мир;Пётр Сметанников | Борис Карвасарский | Михаил Михайлович Решетников | Анатолий Алёхин | Иван Павлов;B043 PDF p.286 | B043 PDF p.289 | B043 PDF p.290 | B043 PDF p.292 | B043 PDF p.300;Это автобиографический клинический case, не эмпирическое доказательство недостоверности всей психиатрии. Вывод автора о согласовании способов думать — философско-методологический.
